{"stats":{"minecraft:killed":{"minecraft:shulker":39,"minecraft:skeleton":44,"minecraft:magma_cube":1,"minecraft:salmon":22,"minecraft:iron_golem":3,"minecraft:ender_dragon":1,"minecraft:pillager":2,"minecraft:zombie":74,"minecraft:cow":1,"minecraft:enderman":3942,"minecraft:zombified_piglin":5,"minecraft:spider":32,"minecraft:wither":1,"minecraft:piglin_brute":5,"minecraft:piglin":10,"minecraft:zombie_villager":1,"minecraft:creeper":30,"minecraft:sheep":8,"minecraft:ghast":7,"minecraft:blaze":26,"minecraft:armadillo":1,"minecraft:slime":16,"minecraft:phantom":12,"minecraft:drowned":5,"minecraft:hoglin":1,"minecraft:squid":4,"minecraft:wither_skeleton":54,"minecraft:villager":15},"minecraft:dropped":{"minecraft:cooked_beef":3,"minecraft:glow_ink_sac":11,"minecraft:diamond":82,"minecraft:cooked_porkchop":5,"minecraft:crossbow":1,"minecraft:cookie":162,"minecraft:cracked_stone_bricks":6,"minecraft:rail":439,"minecraft:emerald":103,"minecraft:dirt":3145,"minecraft:raw_copper_block":2,"minecraft:chain":42,"minecraft:gold_nugget":78,"minecraft:bone_meal":1,"minecraft:sand":206,"minecraft:dark_oak_planks":56,"minecraft:white_wool":1,"minecraft:bone":256,"minecraft:emerald_block":21,"minecraft:sugar_cane":4,"minecraft:lever":7,"minecraft:iron_nugget":7,"minecraft:detector_rail":7,"minecraft:cobbled_deepslate":127,"minecraft:wheat":53,"minecraft:birch_sapling":55,"minecraft:obsidian":20,"minecraft:rotten_flesh":126,"minecraft:oak_planks":320,"minecraft:end_stone":140,"minecraft:nether_brick_fence":7,"minecraft:azure_bluet":2,"minecraft:white_bed":24,"minecraft:salmon":6,"minecraft:deepslate_copper_ore":1,"minecraft:coal_ore":118,"minecraft:hopper":1,"minecraft:spruce_slab":6287,"minecraft:glass":2,"minecraft:podzol":6,"minecraft:ghast_tear":4,"minecraft:lectern":12,"minecraft:enchanted_book":2,"minecraft:golden_boots":1,"minecraft:iron_ingot":17,"minecraft:birch_leaves":5,"minecraft:wheat_seeds":268,"minecraft:tnt":1415,"minecraft:dripstone_block":6,"minecraft:book":5,"minecraft:oak_fence":29,"minecraft:cobblestone":4845,"minecraft:iron_helmet":7,"minecraft:apple":84,"minecraft:granite":548,"minecraft:coal":208,"minecraft:golden_apple":6,"minecraft:oxeye_daisy":2,"minecraft:golden_carrot":48,"minecraft:cooked_salmon":12,"minecraft:lapis_ore":17,"minecraft:red_dye":1,"minecraft:string":512,"minecraft:spruce_sapling":650,"minecraft:green_terracotta":162,"minecraft:stone_sword":5,"minecraft:deepslate":512,"minecraft:white_carpet":21,"minecraft:polished_deepslate_slab":2015,"minecraft:spruce_fence":135,"minecraft:shears":1,"minecraft:pumpkin_seeds":4,"minecraft:suspicious_stew":10,"minecraft:potato":1,"minecraft:cobblestone_slab":20,"minecraft:spruce_boat":1,"minecraft:stone":9985,"minecraft:peony":11,"minecraft:spruce_planks":32933,"minecraft:diamond_pickaxe":2,"minecraft:carved_pumpkin":13,"minecraft:redstone_torch":1,"minecraft:spider_eye":16,"minecraft:bamboo":43,"minecraft:bow":10,"minecraft:magma_block":10,"minecraft:terracotta":34,"minecraft:birch_planks":25,"minecraft:soul_sand":1,"minecraft:dark_oak_stairs":54,"minecraft:diamond_axe":2,"minecraft:oak_log":24,"minecraft:ender_pearl":4973,"minecraft:netherite_upgrade_smithing_template":9,"minecraft:leather":5,"minecraft:cobblestone_stairs":6,"minecraft:flint":31,"minecraft:spruce_leaves":101,"minecraft:cracked_polished_blackstone_bricks":19,"minecraft:redstone_lamp":33,"minecraft:netherite_scrap":6,"minecraft:ice":32,"minecraft:dispenser":142,"minecraft:cornflower":3,"minecraft:polished_blackstone_bricks":45,"minecraft:birch_log":17,"minecraft:gold_ingot":4,"minecraft:gravel":491,"minecraft:blackstone":196,"minecraft:pointed_dripstone":1,"minecraft:stone_stairs":68,"minecraft:cooked_mutton":23,"minecraft:carrot":9,"minecraft:poppy":448,"minecraft:gunpowder":23,"minecraft:oak_wood":63,"minecraft:spruce_pressure_plate":11,"minecraft:glowstone":47,"minecraft:chest":55,"minecraft:arrow":69,"minecraft:basalt":226,"minecraft:iron_ore":87,"minecraft:powered_rail":627,"minecraft:quartz":66,"minecraft:oak_leaves":43,"minecraft:netherrack":3379,"minecraft:firework_rocket":1989,"minecraft:water_bucket":2,"minecraft:bread":43,"minecraft:oak_slab":5,"minecraft:deepslate_iron_ore":1,"minecraft:minecart":54,"minecraft:bookshelf":2,"minecraft:observer":109,"minecraft:spruce_stairs":12,"minecraft:grass_block":3,"minecraft:stick":60656,"minecraft:iron_block":43,"minecraft:diorite":1094,"minecraft:nether_gold_ore":10,"minecraft:torch":818,"minecraft:iron_axe":17,"minecraft:bucket":3,"minecraft:redstone_block":26,"minecraft:dandelion":8,"minecraft:redstone":43,"minecraft:polished_deepslate":1363,"minecraft:blaze_rod":6,"minecraft:tuff":24,"minecraft:shulker_box":8,"minecraft:glass_pane":2,"minecraft:red_terracotta":38,"minecraft:flint_and_steel":2,"minecraft:copper_ore":64,"minecraft:orange_terracotta":283,"minecraft:andesite":747,"minecraft:mossy_stone_bricks":6,"minecraft:oak_boat":2,"minecraft:oak_sapling":175,"minecraft:golden_sword":1,"minecraft:slime_ball":1,"minecraft:spruce_log":64,"minecraft:wooden_pickaxe":1,"minecraft:nether_quartz_ore":40,"minecraft:magma_cream":2},"minecraft:custom":{"minecraft:interact_with_crafting_table":263,"minecraft:open_barrel":1,"minecraft:bell_ring":13,"minecraft:leave_game":84,"minecraft:time_since_death":608775,"minecraft:damage_blocked_by_shield":911,"minecraft:play_time":2800265,"minecraft:deaths":10,"minecraft:jump":19937,"minecraft:interact_with_furnace":51,"minecraft:traded_with_villager":9585,"minecraft:sleep_in_bed":54,"minecraft:damage_dealt":83634,"minecraft:use_cauldron":26,"minecraft:inspect_dispenser":69,"minecraft:interact_with_smithing_table":24,"minecraft:inspect_dropper":7,"minecraft:interact_with_anvil":45,"minecraft:inspect_hopper":20,"minecraft:sneak_time":217952,"minecraft:interact_with_blast_furnace":79,"minecraft:total_world_time":2800265,"minecraft:interact_with_stonecutter":9,"minecraft:time_since_rest":38253,"minecraft:swim_one_cm":119407,"minecraft:fly_one_cm":7639403,"minecraft:open_chest":2268,"minecraft:fall_one_cm":808980,"minecraft:open_shulker_box":804,"minecraft:sprint_one_cm":5256469,"minecraft:drop":25061,"minecraft:talked_to_villager":1398,"minecraft:interact_with_brewingstand":6,"minecraft:walk_on_water_one_cm":398839,"minecraft:interact_with_loom":11,"minecraft:open_enderchest":169,"minecraft:interact_with_beacon":7,"minecraft:crouch_one_cm":996647,"minecraft:mob_kills":4395,"minecraft:fill_cauldron":2,"minecraft:climb_one_cm":3922,"minecraft:walk_one_cm":8263494,"minecraft:walk_under_water_one_cm":144251,"minecraft:boat_one_cm":103313,"minecraft:interact_with_grindstone":6,"minecraft:damage_taken":34991,"minecraft:damage_absorbed":40,"minecraft:minecart_one_cm":0,"minecraft:aviate_one_cm":32155903},"minecraft:killed_by":{"minecraft:zombie":2,"minecraft:creeper":1,"minecraft:skeleton":1},"minecraft:crafted":{"minecraft:black_dye":8,"minecraft:blaze_powder":44,"minecraft:oak_pressure_plate":37,"minecraft:slime_block":153,"minecraft:loom":1,"minecraft:lever":45,"minecraft:diamond_shovel":1,"minecraft:shulker_box":12,"minecraft:iron_bars":16,"minecraft:glass":1962,"minecraft:repeater":55,"minecraft:diamond_leggings":1,"minecraft:beacon":1,"minecraft:stone_pressure_plate":1,"minecraft:black_wool":6,"minecraft:name_tag":2,"minecraft:glass_bottle":57,"minecraft:emerald":8185,"minecraft:diamond_axe":1,"minecraft:sticky_piston":60,"minecraft:oak_wood":219,"minecraft:polished_deepslate_slab":2554,"minecraft:green_terracotta":336,"minecraft:chiseled_deepslate":327,"minecraft:iron_block":199,"minecraft:gold_ingot":16,"minecraft:netherite_ingot":9,"minecraft:composter":1,"minecraft:golden_carrot":855,"minecraft:orange_shulker_box":1,"minecraft:experience_bottle":42,"minecraft:spruce_fence":201,"minecraft:white_carpet":192,"minecraft:detector_rail":6,"minecraft:ladder":6,"minecraft:spruce_slab":8064,"minecraft:red_shulker_box":1,"minecraft:diamond_boots":1,"minecraft:spruce_boat":2,"minecraft:redstone_block":148,"minecraft:dark_oak_planks":256,"minecraft:enchanted_book":36,"minecraft:oak_fence_gate":5,"minecraft:golden_apple":2,"minecraft:fermented_spider_eye":38,"minecraft:white_bed":60,"minecraft:oak_planks":1572,"minecraft:barrel":1,"minecraft:cobblestone_stairs":4,"minecraft:flower_banner_pattern":1,"minecraft:spruce_pressure_plate":28,"minecraft:suspicious_stew":6,"minecraft:green_dye":42,"minecraft:hopper":97,"minecraft:bow":79,"minecraft:comparator":12,"minecraft:chest":293,"minecraft:netherite_upgrade_smithing_template":34,"minecraft:spire_armor_trim_smithing_template":6,"minecraft:oak_slab":12,"minecraft:cauldron":1,"minecraft:crafting_table":4,"minecraft:spruce_planks":46792,"minecraft:iron_helmet":2,"minecraft:mojang_banner_pattern":1,"minecraft:hopper_minecart":2,"minecraft:birch_planks":68,"minecraft:dispenser":91,"minecraft:apple":48,"minecraft:tnt":432,"minecraft:spruce_trapdoor":178,"minecraft:paper":1240,"minecraft:diamond_pickaxe":1,"minecraft:emerald_block":389,"minecraft:yellow_dye":7,"minecraft:shield":1,"minecraft:stick":74600,"minecraft:iron_ingot":469,"minecraft:redstone_torch":270,"minecraft:shears":3,"minecraft:cobbled_deepslate_slab":384,"minecraft:cookie":162,"minecraft:redstone":3058,"minecraft:tripwire_hook":10,"minecraft:spruce_button":7,"minecraft:furnace":4,"minecraft:piston":60,"minecraft:glass_pane":16,"minecraft:flint_and_steel":1,"minecraft:netherite_chestplate":2,"minecraft:yellow_shulker_box":2,"minecraft:polished_deepslate":1240,"minecraft:iron_axe":13,"minecraft:slime_ball":117,"minecraft:netherite_scrap":42,"minecraft:observer":93,"minecraft:minecart":6,"minecraft:sugar":64,"minecraft:red_dye":4,"minecraft:diamond_sword":1,"minecraft:spruce_sign":33,"minecraft:dark_oak_stairs":164,"minecraft:black_banner":1,"minecraft:bucket":22,"minecraft:bread":60,"minecraft:air":0,"minecraft:oak_boat":2,"minecraft:white_wool":507,"minecraft:stonecutter":1,"minecraft:anvil":3,"minecraft:torch":2096,"minecraft:diamond_chestplate":1,"minecraft:firework_rocket":2979},"minecraft:mined":{"minecraft:dragon_wall_head":1,"minecraft:red_shulker_box":14,"minecraft:white_bed":14,"minecraft:obsidian":113,"minecraft:granite":1703,"minecraft:oak_pressure_plate":11,"minecraft:purpur_slab":5,"minecraft:hopper":2,"minecraft:oxeye_daisy":2,"minecraft:nether_wart":10,"minecraft:spawner":5,"minecraft:polished_blackstone_bricks":30,"minecraft:tall_seagrass":6,"minecraft:magma_block":423,"minecraft:fire":9,"minecraft:cobbled_deepslate":91,"minecraft:sticky_piston":9,"minecraft:barrel":3,"minecraft:fletching_table":4,"minecraft:deepslate_lapis_ore":3,"minecraft:nether_brick_stairs":1,"minecraft:polished_deepslate_slab":36,"minecraft:dirt_path":580,"minecraft:oak_stairs":173,"minecraft:spruce_pressure_plate":3,"minecraft:iron_block":170,"minecraft:tripwire":21,"minecraft:piston_head":3,"minecraft:brown_mushroom":143,"minecraft:kelp_plant":2,"minecraft:torch":27,"minecraft:blast_furnace":2,"minecraft:dead_bush":11,"minecraft:spruce_wall_sign":1,"minecraft:glass":39,"minecraft:damaged_anvil":1,"minecraft:sugar_cane":817,"minecraft:birch_sapling":13,"minecraft:chain":3,"minecraft:repeater":14,"minecraft:light_gray_stained_glass":5,"minecraft:oak_fence_gate":3,"minecraft:loom":1,"minecraft:stonecutter":1,"minecraft:deepslate":1670,"minecraft:yellow_terracotta":3,"minecraft:mossy_cobblestone":15,"minecraft:shulker_box":144,"minecraft:end_stone":240,"minecraft:nether_bricks":138,"minecraft:cobbled_deepslate_slab":1,"minecraft:spruce_fence":30,"minecraft:orange_shulker_box":5,"minecraft:redstone_wire":11,"minecraft:kelp":10,"minecraft:redstone_ore":8,"minecraft:green_terracotta":14,"minecraft:andesite":2709,"minecraft:rail":733,"minecraft:bamboo":42,"minecraft:white_wool":6,"minecraft:ender_chest":19,"minecraft:smithing_table":1,"minecraft:oak_slab":27,"minecraft:redstone_block":3,"minecraft:glass_pane":28,"minecraft:comparator":1,"minecraft:soul_sand":92,"minecraft:observer":14,"minecraft:dandelion":8,"minecraft:short_grass":76,"minecraft:spruce_button":1,"minecraft:copper_ore":254,"minecraft:purpur_pillar":8,"minecraft:tall_grass":2,"minecraft:deepslate_gold_ore":4,"minecraft:diorite":2087,"minecraft:red_terracotta":77,"minecraft:spruce_log":389,"minecraft:birch_leaves":1,"minecraft:gravel":1024,"minecraft:dripstone_block":6,"minecraft:stone_bricks":4,"minecraft:gold_ore":17,"minecraft:infested_stone":10,"minecraft:spruce_planks":157,"minecraft:oak_sapling":39,"minecraft:farmland":81,"minecraft:cobblestone_stairs":5,"minecraft:brewing_stand":2,"minecraft:spruce_trapdoor":46,"minecraft:grass_block":4409,"minecraft:cracked_polished_blackstone_bricks":20,"minecraft:soul_soil":24,"minecraft:composter":1,"minecraft:glowstone":55,"minecraft:iron_ore":591,"minecraft:dark_oak_stairs":5,"minecraft:pointed_dripstone":8,"minecraft:azalea_leaves":3,"minecraft:azalea":3,"minecraft:end_stone_bricks":22,"minecraft:spruce_slab":282,"minecraft:deepslate_redstone_ore":7,"minecraft:blackstone":260,"minecraft:orange_terracotta":783,"minecraft:purpur_stairs":5,"minecraft:poppy":1,"minecraft:beacon":1,"minecraft:chest":21,"minecraft:nether_quartz_ore":119,"minecraft:cobblestone":451,"minecraft:slime_block":3,"minecraft:grindstone":3,"minecraft:oak_planks":653,"minecraft:wall_torch":5,"minecraft:cauldron":6,"minecraft:deepslate_copper_ore":7,"minecraft:stone_stairs":1,"minecraft:powered_rail":298,"minecraft:yellow_wool":9,"minecraft:birch_log":31,"minecraft:birch_trapdoor":6,"minecraft:tnt":1,"minecraft:purpur_block":13,"minecraft:oak_log":216,"minecraft:sand":458,"minecraft:dirt":3612,"minecraft:ancient_debris":34,"minecraft:tripwire_hook":3,"minecraft:raw_copper_block":2,"minecraft:dispenser":7,"minecraft:netherrack":12247,"minecraft:oak_leaves":29,"minecraft:redstone_lamp":2,"minecraft:emerald_block":6,"minecraft:nether_gold_ore":21,"minecraft:diamond_ore":6,"minecraft:tuff":54,"minecraft:deepslate_diamond_ore":1,"minecraft:oak_door":3,"minecraft:lever":39,"minecraft:spruce_leaves":62,"minecraft:hay_block":2,"minecraft:oak_trapdoor":10,"minecraft:spruce_sapling":5,"minecraft:furnace":4,"minecraft:carrots":3,"minecraft:chiseled_deepslate":11,"minecraft:detector_rail":3,"minecraft:peony":10,"minecraft:gold_block":1,"minecraft:bell":5,"minecraft:nether_brick_fence":8,"minecraft:polished_deepslate":2,"minecraft:bookshelf":5,"minecraft:deepslate_iron_ore":33,"minecraft:packed_ice":1340,"minecraft:stone":32438,"minecraft:yellow_shulker_box":2,"minecraft:redstone_wall_torch":3,"minecraft:podzol":423,"minecraft:basalt":447,"minecraft:oak_fence":52,"minecraft:crafting_table":8,"minecraft:oak_wood":2,"minecraft:lectern":450,"minecraft:deepslate_coal_ore":7,"minecraft:lapis_ore":33,"minecraft:polished_blackstone_brick_stairs":1,"minecraft:spruce_stairs":15,"minecraft:cactus":114,"minecraft:birch_planks":40,"minecraft:redstone_torch":36,"minecraft:ice":260,"minecraft:coal_ore":1073,"minecraft:end_rod":1,"minecraft:cracked_stone_bricks":6,"minecraft:terracotta":4324,"minecraft:mossy_stone_bricks":11},"minecraft:picked_up":{"minecraft:suspicious_stew":4,"minecraft:smithing_table":1,"minecraft:diamond_sword":6,"minecraft:oak_stairs":44,"minecraft:enchanted_book":6,"minecraft:brewing_stand":2,"minecraft:golden_sword":1,"minecraft:polished_deepslate":1364,"minecraft:string":68673,"minecraft:soul_soil":62,"minecraft:cooked_salmon":16,"minecraft:diamond_leggings":8,"minecraft:gold_nugget":75,"minecraft:cobbled_deepslate":1029,"minecraft:spruce_planks":31970,"minecraft:hopper_minecart":1,"minecraft:enchanted_golden_apple":1,"minecraft:spruce_pressure_plate":3,"minecraft:composter":1,"minecraft:purpur_pillar":8,"minecraft:green_terracotta":60,"minecraft:cauldron":6,"minecraft:stone_sword":6,"minecraft:carved_pumpkin":35,"minecraft:iron_block":313,"minecraft:glowstone":47,"minecraft:bookshelf":6,"minecraft:end_rod":3,"minecraft:netherite_chestplate":1,"minecraft:blaze_rod":28,"minecraft:birch_log":101,"minecraft:magma_block":403,"minecraft:cooked_beef":3,"minecraft:water_bucket":7,"minecraft:flint":139,"minecraft:netherite_leggings":1,"minecraft:stonecutter":1,"minecraft:diamond_helmet":8,"minecraft:stripped_spruce_log":1,"minecraft:ink_sac":8,"minecraft:loom":1,"minecraft:red_terracotta":111,"minecraft:barrel":3,"minecraft:dispenser":103,"minecraft:deepslate":929,"minecraft:lever":47,"minecraft:deepslate_gold_ore":4,"minecraft:granite":837,"minecraft:spruce_button":1,"minecraft:diamond_pickaxe":17,"minecraft:spruce_leaves":119,"minecraft:crafting_table":6,"minecraft:nether_wart":18,"minecraft:redstone_lamp":68,"minecraft:dragon_head":1,"minecraft:purpur_block":10,"minecraft:elytra":12,"minecraft:flint_and_steel":1,"minecraft:white_carpet":2,"minecraft:glass_pane":10,"minecraft:cracked_stone_bricks":6,"minecraft:netherite_sword":1,"minecraft:iron_nugget":23,"minecraft:poppy":125,"minecraft:minecart":262,"minecraft:spruce_slab":4727,"minecraft:chest":75,"minecraft:birch_sapling":51,"minecraft:raw_copper_block":2,"minecraft:copper_ore":240,"minecraft:polished_deepslate_slab":2014,"minecraft:stone":13251,"minecraft:oak_door":1,"minecraft:spruce_fence":111,"minecraft:white_dye":15,"minecraft:carrot":15,"minecraft:redstone":872,"minecraft:netherite_pickaxe":2,"minecraft:tnt":1416,"minecraft:diamond_chestplate":2,"minecraft:peony":11,"minecraft:diamond_boots":7,"minecraft:hay_block":2,"minecraft:purpur_slab":5,"minecraft:gold_ingot":53,"minecraft:rail":898,"minecraft:white_wool":6,"minecraft:oxeye_daisy":2,"minecraft:lapis_ore":39,"minecraft:birch_leaves":6,"minecraft:tripwire_hook":6,"minecraft:yellow_dye":1,"minecraft:purpur_stairs":4,"minecraft:oak_log":666,"minecraft:ancient_debris":32,"minecraft:golden_boots":1,"minecraft:paper":2,"minecraft:stone_bricks":7,"minecraft:apple":255,"minecraft:kelp":362,"minecraft:oak_fence_gate":4,"minecraft:iron_ore":182,"minecraft:flowering_azalea":2,"minecraft:dark_oak_stairs":77,"minecraft:light_gray_stained_glass":5,"minecraft:gravel":454,"minecraft:spruce_sapling":1504,"minecraft:spruce_log":11492,"minecraft:oak_wood":127,"minecraft:firework_rocket":2236,"minecraft:diamond_shovel":7,"minecraft:coal_ore":808,"minecraft:slime_ball":1727,"minecraft:diamond_axe":10,"minecraft:deepslate_redstone_ore":6,"minecraft:gray_wool":1,"minecraft:hopper":5,"minecraft:ender_pearl":5160,"minecraft:shulker_shell":27,"minecraft:chiseled_deepslate":11,"minecraft:wheat":53,"minecraft:redstone_block":26,"minecraft:ender_chest":30,"minecraft:nether_brick_fence":7,"minecraft:potion":2,"minecraft:raw_copper":121,"minecraft:deepslate_lapis_ore":3,"minecraft:sticky_piston":12,"minecraft:comparator":1,"minecraft:bucket":17,"minecraft:redstone_torch":111,"minecraft:cobblestone_slab":40,"minecraft:azalea":12,"minecraft:deepslate_iron_ore":20,"minecraft:furnace":4,"minecraft:stick":58295,"minecraft:orange_shulker_box":5,"minecraft:birch_trapdoor":6,"minecraft:oak_fence":247,"minecraft:torch":1391,"minecraft:spruce_stairs":30,"minecraft:netherite_shovel":1,"minecraft:pointed_dripstone":9,"minecraft:diorite":769,"minecraft:nether_gold_ore":10,"minecraft:cactus":217,"minecraft:rotten_flesh":149,"minecraft:deepslate_copper_ore":1,"minecraft:obsidian":105,"minecraft:cobblestone":3128,"minecraft:repeater":23,"minecraft:magma_cream":2,"minecraft:andesite":768,"minecraft:beacon":1,"minecraft:potato":1,"minecraft:tuff":32,"minecraft:wither_skeleton_skull":6,"minecraft:dirt":4521,"minecraft:lapis_lazuli":98,"minecraft:name_tag":5,"minecraft:glass":129,"minecraft:bone":325,"minecraft:bow":8,"minecraft:wheat_seeds":236,"minecraft:bell":5,"minecraft:raw_gold":38,"minecraft:cobbled_deepslate_slab":528,"minecraft:grindstone":3,"minecraft:netherite_axe":1,"minecraft:mossy_stone_bricks":10,"minecraft:fletching_table":4,"minecraft:bamboo":236,"minecraft:powered_rail":402,"minecraft:oak_planks":585,"minecraft:ghast_tear":4,"minecraft:cooked_porkchop":5,"minecraft:oak_pressure_plate":35,"minecraft:sand":298,"minecraft:nether_brick_stairs":1,"minecraft:grass_block":7,"minecraft:shulker_box":146,"minecraft:mossy_cobblestone":11,"minecraft:spruce_boat":13,"minecraft:diamond":236,"minecraft:slime_block":3,"minecraft:netherite_helmet":1,"minecraft:cracked_polished_blackstone_bricks":19,"minecraft:crossbow":1,"minecraft:bone_meal":5,"minecraft:emerald":123,"minecraft:golden_apple":32,"minecraft:spruce_sign":7,"minecraft:oak_sapling":300,"minecraft:netherrack":6180,"minecraft:nether_star":1,"minecraft:oak_leaves":82,"minecraft:end_stone_bricks":22,"minecraft:azure_bluet":2,"minecraft:packed_ice":1277,"minecraft:brown_mushroom":143,"minecraft:gold_block":1,"minecraft:chain":47,"minecraft:oak_trapdoor":4,"minecraft:stone_stairs":64,"minecraft:iron_axe":4,"minecraft:blackstone":260,"minecraft:detector_rail":4,"minecraft:oak_boat":2,"minecraft:observer":78,"minecraft:lectern":474,"minecraft:sugar_cane":1504,"minecraft:spruce_trapdoor":46,"minecraft:phantom_membrane":28,"minecraft:raw_iron":1195,"minecraft:end_stone":275,"minecraft:polished_blackstone_bricks":45,"minecraft:dark_oak_planks":106,"minecraft:arrow":149,"minecraft:red_shulker_box":14,"minecraft:nether_bricks":133,"minecraft:netherite_boots":1,"minecraft:purple_dye":2,"minecraft:basalt":521,"minecraft:golden_carrot":301,"minecraft:glow_ink_sac":11,"minecraft:salmon":6,"minecraft:leather":5,"minecraft:birch_planks":38,"minecraft:ice":274,"minecraft:gunpowder":55,"minecraft:cobblestone_stairs":38,"minecraft:orange_terracotta":785,"minecraft:cooked_mutton":23,"minecraft:podzol":14,"minecraft:iron_ingot":181,"minecraft:soul_sand":39,"minecraft:green_dye":13,"minecraft:book":15,"minecraft:nether_quartz_ore":40,"minecraft:emerald_block":6,"minecraft:quartz":185,"minecraft:dandelion":16,"minecraft:dripstone_block":6,"minecraft:lava_bucket":1,"minecraft:blast_furnace":2,"minecraft:white_bed":27,"minecraft:gold_ore":13,"minecraft:spider_eye":37,"minecraft:pumpkin_seeds":4,"minecraft:iron_helmet":7,"minecraft:terracotta":4200,"minecraft:damaged_anvil":1,"minecraft:coal":1446},"minecraft:used":{"minecraft:chiseled_deepslate":523,"minecraft:spruce_slab":6938,"minecraft:dispenser":52,"minecraft:elytra":94,"minecraft:ladder":3,"minecraft:chest":179,"minecraft:stone":2413,"minecraft:soul_sand":14,"minecraft:spruce_boat":13,"minecraft:packed_ice":77,"minecraft:lava_bucket":49,"minecraft:netherite_shovel":1019,"minecraft:grass_block":4,"minecraft:orange_shulker_box":5,"minecraft:bow":230,"minecraft:furnace":8,"minecraft:mossy_stone_bricks":8,"minecraft:diorite":2,"minecraft:damaged_anvil":1,"minecraft:end_stone_bricks":3,"minecraft:powered_rail":514,"minecraft:cactus":39,"minecraft:composter":2,"minecraft:purpur_pillar":1,"minecraft:golden_apple":2,"minecraft:sand":38,"minecraft:blast_furnace":2,"minecraft:netherite_helmet":1,"minecraft:lectern":459,"minecraft:oak_pressure_plate":22,"minecraft:diamond_sword":1294,"minecraft:smithing_table":1,"minecraft:birch_log":3,"minecraft:ice":115,"minecraft:oak_boat":2,"minecraft:iron_bars":1,"minecraft:carved_pumpkin":22,"minecraft:netherrack":1539,"minecraft:torch":1188,"minecraft:brewing_stand":1,"minecraft:anvil":3,"minecraft:stone_stairs":30,"minecraft:oak_fence_gate":5,"minecraft:red_shulker_box":14,"minecraft:flowering_azalea":1,"minecraft:iron_block":270,"minecraft:slime_block":3,"minecraft:spruce_button":7,"minecraft:barrel":3,"minecraft:bamboo":72,"minecraft:diamond_chestplate":60,"minecraft:tripwire_hook":12,"minecraft:podzol":2,"minecraft:cobbled_deepslate":807,"minecraft:observer":57,"minecraft:pointed_dripstone":7,"minecraft:water_bucket":385,"minecraft:birch_planks":12,"minecraft:yellow_shulker_box":2,"minecraft:cauldron":7,"minecraft:fletching_table":4,"minecraft:polished_deepslate_slab":1564,"minecraft:rail":890,"minecraft:comparator":13,"minecraft:tnt":317,"minecraft:crafting_table":9,"minecraft:white_bed":26,"minecraft:spruce_log":207,"minecraft:oak_log":1,"minecraft:ender_eye":15,"minecraft:diamond_pickaxe":52283,"minecraft:diamond_shovel":9590,"minecraft:spruce_pressure_plate":19,"minecraft:spruce_trapdoor":171,"minecraft:spruce_sapling":17,"minecraft:cobblestone":324,"minecraft:glass_pane":23,"minecraft:kelp":10,"minecraft:diamond_leggings":2,"minecraft:polished_deepslate":2,"minecraft:shield":17,"minecraft:bell":4,"minecraft:green_terracotta":197,"minecraft:spruce_leaves":1,"minecraft:nether_bricks":83,"minecraft:carrot":5,"minecraft:tuff":6,"minecraft:obsidian":59,"minecraft:glass":1204,"minecraft:coal_ore":372,"minecraft:iron_helmet":1,"minecraft:hopper_minecart":3,"minecraft:birch_trapdoor":6,"minecraft:repeater":86,"minecraft:redstone_lamp":2,"minecraft:magma_block":22,"minecraft:dark_oak_stairs":65,"minecraft:diamond_boots":2,"minecraft:dropper":4,"minecraft:wither_skeleton_skull":6,"minecraft:oak_planks":621,"minecraft:ender_pearl":31,"minecraft:redstone_block":39,"minecraft:diamond_axe":2515,"minecraft:sugar_cane":74,"minecraft:loom":2,"minecraft:end_stone":52,"minecraft:shears":224,"minecraft:redstone_torch":78,"minecraft:sticky_piston":72,"minecraft:lever":60,"minecraft:firework_rocket":1743,"minecraft:bread":17,"minecraft:string":544,"minecraft:deepslate":187,"minecraft:grindstone":3,"minecraft:andesite":67,"minecraft:chain":23,"minecraft:experience_bottle":42,"minecraft:azalea":7,"minecraft:purpur_block":1,"minecraft:netherite_sword":264,"minecraft:flint_and_steel":5,"minecraft:redstone":205,"minecraft:spruce_planks":2440,"minecraft:ender_chest":18,"minecraft:dirt":2579,"minecraft:white_carpet":122,"minecraft:hopper":54,"minecraft:diamond_helmet":1,"minecraft:shulker_box":142,"minecraft:oak_wood":95,"minecraft:spruce_fence":389,"minecraft:granite":90,"minecraft:dark_oak_planks":5,"minecraft:light_gray_stained_glass":5,"minecraft:bookshelf":2,"minecraft:golden_carrot":430,"minecraft:emerald_block":170,"minecraft:netherite_pickaxe":13734,"minecraft:minecart":131,"minecraft:iron_ore":89,"minecraft:cobblestone_stairs":21,"minecraft:glass_bottle":33,"minecraft:netherite_chestplate":31,"minecraft:spruce_sign":22,"minecraft:beacon":2,"minecraft:stonecutter":2,"minecraft:apple":1,"minecraft:netherite_axe":709,"minecraft:detector_rail":4,"minecraft:cobbled_deepslate_slab":258,"minecraft:bucket":451,"minecraft:splash_potion":2}},"DataVersion":3839}