{"stats":{"minecraft:picked_up":{"minecraft:shulker_shell":27,"minecraft:chiseled_deepslate":11,"minecraft:wheat":53,"minecraft:redstone_block":23,"minecraft:ender_chest":19,"minecraft:nether_brick_fence":6,"minecraft:diamond_sword":5,"minecraft:oak_stairs":44,"minecraft:enchanted_book":6,"minecraft:potion":2,"minecraft:brewing_stand":1,"minecraft:golden_sword":1,"minecraft:polished_deepslate":1364,"minecraft:string":42730,"minecraft:soul_soil":62,"minecraft:raw_copper":121,"minecraft:cooked_salmon":16,"minecraft:deepslate_lapis_ore":3,"minecraft:sticky_piston":1,"minecraft:diamond_leggings":7,"minecraft:gold_nugget":11,"minecraft:cobbled_deepslate":1017,"minecraft:comparator":1,"minecraft:bucket":17,"minecraft:spruce_planks":31733,"minecraft:redstone_torch":4,"minecraft:hopper_minecart":1,"minecraft:enchanted_golden_apple":1,"minecraft:deepslate_iron_ore":20,"minecraft:spruce_pressure_plate":3,"minecraft:stick":57862,"minecraft:spruce_stairs":6,"minecraft:birch_trapdoor":6,"minecraft:oak_fence":247,"minecraft:torch":1329,"minecraft:purpur_pillar":8,"minecraft:pointed_dripstone":9,"minecraft:diorite":765,"minecraft:cauldron":6,"minecraft:nether_gold_ore":10,"minecraft:stone_sword":1,"minecraft:rotten_flesh":116,"minecraft:iron_block":128,"minecraft:carved_pumpkin":35,"minecraft:end_rod":3,"minecraft:deepslate_copper_ore":1,"minecraft:blaze_rod":6,"minecraft:obsidian":49,"minecraft:cobblestone":2969,"minecraft:birch_log":96,"minecraft:magma_block":393,"minecraft:cooked_beef":3,"minecraft:magma_cream":2,"minecraft:repeater":13,"minecraft:water_bucket":7,"minecraft:andesite":732,"minecraft:potato":1,"minecraft:flint":43,"minecraft:tuff":32,"minecraft:wither_skeleton_skull":3,"minecraft:lapis_lazuli":98,"minecraft:dirt":2312,"minecraft:name_tag":5,"minecraft:glass":112,"minecraft:bone":158,"minecraft:bow":7,"minecraft:wheat_seeds":232,"minecraft:raw_gold":31,"minecraft:cobbled_deepslate_slab":528,"minecraft:bell":5,"minecraft:mossy_stone_bricks":1,"minecraft:diamond_helmet":7,"minecraft:powered_rail":277,"minecraft:oak_planks":395,"minecraft:oak_pressure_plate":35,"minecraft:sand":128,"minecraft:stripped_spruce_log":1,"minecraft:ink_sac":8,"minecraft:grass_block":1,"minecraft:loom":1,"minecraft:barrel":3,"minecraft:shulker_box":91,"minecraft:mossy_cobblestone":9,"minecraft:dispenser":103,"minecraft:spruce_boat":7,"minecraft:diamond":33,"minecraft:deepslate":929,"minecraft:slime_block":3,"minecraft:lever":22,"minecraft:deepslate_gold_ore":4,"minecraft:crossbow":1,"minecraft:granite":550,"minecraft:bone_meal":4,"minecraft:spruce_button":1,"minecraft:golden_apple":15,"minecraft:spruce_sign":7,"minecraft:emerald":122,"minecraft:oak_sapling":153,"minecraft:netherrack":2512,"minecraft:oak_leaves":20,"minecraft:end_stone_bricks":22,"minecraft:diamond_pickaxe":16,"minecraft:spruce_leaves":100,"minecraft:crafting_table":3,"minecraft:azure_bluet":2,"minecraft:packed_ice":1277,"minecraft:dragon_head":1,"minecraft:chain":3,"minecraft:purpur_block":10,"minecraft:oak_trapdoor":4,"minecraft:elytra":10,"minecraft:white_carpet":2,"minecraft:glass_pane":4,"minecraft:blackstone":26,"minecraft:detector_rail":4,"minecraft:oak_boat":2,"minecraft:minecart":93,"minecraft:observer":78,"minecraft:poppy":6,"minecraft:spruce_slab":4518,"minecraft:lectern":1,"minecraft:sugar_cane":1332,"minecraft:chest":67,"minecraft:birch_sapling":49,"minecraft:spruce_trapdoor":12,"minecraft:phantom_membrane":28,"minecraft:raw_copper_block":2,"minecraft:copper_ore":213,"minecraft:raw_iron":1195,"minecraft:end_stone":240,"minecraft:polished_deepslate_slab":2014,"minecraft:stone":9265,"minecraft:oak_door":1,"minecraft:spruce_fence":111,"minecraft:white_dye":15,"minecraft:redstone":872,"minecraft:carrot":2,"minecraft:arrow":121,"minecraft:diamond_chestplate":2,"minecraft:peony":9,"minecraft:nether_bricks":63,"minecraft:diamond_boots":6,"minecraft:purpur_slab":5,"minecraft:hay_block":2,"minecraft:gold_ingot":17,"minecraft:rail":228,"minecraft:white_wool":6,"minecraft:oxeye_daisy":2,"minecraft:lapis_ore":39,"minecraft:birch_leaves":5,"minecraft:purple_dye":2,"minecraft:basalt":56,"minecraft:golden_carrot":204,"minecraft:glow_ink_sac":6,"minecraft:tripwire_hook":6,"minecraft:salmon":6,"minecraft:leather":3,"minecraft:birch_planks":37,"minecraft:ice":271,"minecraft:purpur_stairs":4,"minecraft:oak_log":353,"minecraft:golden_boots":1,"minecraft:gunpowder":46,"minecraft:paper":2,"minecraft:cooked_mutton":23,"minecraft:apple":122,"minecraft:stone_bricks":1,"minecraft:kelp":362,"minecraft:oak_fence_gate":4,"minecraft:iron_ingot":56,"minecraft:iron_ore":159,"minecraft:soul_sand":29,"minecraft:light_gray_stained_glass":3,"minecraft:nether_quartz_ore":6,"minecraft:quartz":123,"minecraft:dandelion":9,"minecraft:dripstone_block":6,"minecraft:gravel":332,"minecraft:spruce_sapling":1185,"minecraft:white_bed":18,"minecraft:spruce_log":9958,"minecraft:gold_ore":13,"minecraft:spider_eye":19,"minecraft:firework_rocket":398,"minecraft:diamond_shovel":6,"minecraft:pumpkin_seeds":4,"minecraft:coal_ore":581,"minecraft:slime_ball":223,"minecraft:deepslate_redstone_ore":6,"minecraft:diamond_axe":9,"minecraft:gray_wool":1,"minecraft:damaged_anvil":1,"minecraft:coal":1299,"minecraft:ender_pearl":3650},"minecraft:custom":{"minecraft:interact_with_crafting_table":174,"minecraft:open_barrel":1,"minecraft:open_shulker_box":536,"minecraft:bell_ring":13,"minecraft:leave_game":62,"minecraft:time_since_death":324325,"minecraft:sprint_one_cm":3113583,"minecraft:damage_blocked_by_shield":911,"minecraft:drop":23459,"minecraft:talked_to_villager":407,"minecraft:play_time":1737730,"minecraft:deaths":8,"minecraft:jump":13676,"minecraft:walk_on_water_one_cm":349630,"minecraft:interact_with_furnace":16,"minecraft:traded_with_villager":5197,"minecraft:interact_with_loom":11,"minecraft:sleep_in_bed":31,"minecraft:open_enderchest":92,"minecraft:damage_dealt":54937,"minecraft:crouch_one_cm":750716,"minecraft:use_cauldron":23,"minecraft:inspect_dispenser":52,"minecraft:inspect_dropper":7,"minecraft:mob_kills":3459,"minecraft:interact_with_anvil":42,"minecraft:inspect_hopper":17,"minecraft:fill_cauldron":1,"minecraft:climb_one_cm":3015,"minecraft:walk_one_cm":5165242,"minecraft:sneak_time":157780,"minecraft:walk_under_water_one_cm":139023,"minecraft:boat_one_cm":59245,"minecraft:interact_with_blast_furnace":57,"minecraft:total_world_time":1737730,"minecraft:interact_with_grindstone":5,"minecraft:interact_with_stonecutter":5,"minecraft:time_since_rest":8181,"minecraft:damage_taken":20804,"minecraft:damage_absorbed":40,"minecraft:minecart_one_cm":0,"minecraft:swim_one_cm":116327,"minecraft:fly_one_cm":6071708,"minecraft:open_chest":1496,"minecraft:aviate_one_cm":17077174,"minecraft:fall_one_cm":537561},"minecraft:crafted":{"minecraft:black_dye":8,"minecraft:oak_planks":996,"minecraft:barrel":1,"minecraft:oak_pressure_plate":37,"minecraft:loom":1,"minecraft:cobblestone_stairs":4,"minecraft:diamond_shovel":1,"minecraft:lever":45,"minecraft:flower_banner_pattern":1,"minecraft:spruce_pressure_plate":28,"minecraft:shulker_box":8,"minecraft:iron_bars":16,"minecraft:glass":1798,"minecraft:hopper":10,"minecraft:repeater":17,"minecraft:bow":78,"minecraft:diamond_leggings":1,"minecraft:comparator":12,"minecraft:stone_pressure_plate":1,"minecraft:chest":111,"minecraft:black_wool":6,"minecraft:emerald":4092,"minecraft:diamond_axe":1,"minecraft:crafting_table":3,"minecraft:spruce_planks":46020,"minecraft:mojang_banner_pattern":1,"minecraft:hopper_minecart":2,"minecraft:birch_planks":48,"minecraft:polished_deepslate_slab":2554,"minecraft:dispenser":91,"minecraft:spruce_trapdoor":136,"minecraft:emerald_block":99,"minecraft:paper":469,"minecraft:diamond_pickaxe":1,"minecraft:chiseled_deepslate":327,"minecraft:shield":1,"minecraft:stick":74292,"minecraft:iron_ingot":367,"minecraft:iron_block":3,"minecraft:redstone_torch":78,"minecraft:shears":3,"minecraft:golden_carrot":186,"minecraft:cobbled_deepslate_slab":384,"minecraft:redstone":2140,"minecraft:tripwire_hook":10,"minecraft:experience_bottle":42,"minecraft:spruce_button":7,"minecraft:flint_and_steel":1,"minecraft:spruce_fence":201,"minecraft:white_carpet":192,"minecraft:glass_pane":16,"minecraft:detector_rail":6,"minecraft:polished_deepslate":1240,"minecraft:spruce_slab":8028,"minecraft:diamond_boots":1,"minecraft:spruce_boat":2,"minecraft:redstone_block":64,"minecraft:minecart":6,"minecraft:observer":93,"minecraft:red_dye":2,"minecraft:diamond_sword":1,"minecraft:spruce_sign":33,"minecraft:black_banner":1,"minecraft:bucket":21,"minecraft:enchanted_book":30,"minecraft:air":0,"minecraft:oak_fence_gate":5,"minecraft:oak_boat":2,"minecraft:white_wool":507,"minecraft:stonecutter":1,"minecraft:anvil":1,"minecraft:white_bed":60,"minecraft:torch":1928,"minecraft:diamond_chestplate":1,"minecraft:firework_rocket":1059},"minecraft:killed":{"minecraft:zombified_piglin":4,"minecraft:spider":15,"minecraft:shulker":39,"minecraft:skeleton":36,"minecraft:magma_cube":1,"minecraft:piglin":1,"minecraft:zombie_villager":1,"minecraft:salmon":22,"minecraft:iron_golem":1,"minecraft:ender_dragon":1,"minecraft:creeper":17,"minecraft:sheep":8,"minecraft:pillager":2,"minecraft:zombie":43,"minecraft:ghast":4,"minecraft:blaze":9,"minecraft:cow":1,"minecraft:slime":16,"minecraft:phantom":12,"minecraft:drowned":3,"minecraft:squid":4,"minecraft:wither_skeleton":17,"minecraft:villager":2,"minecraft:enderman":3178},"minecraft:dropped":{"minecraft:soul_sand":1,"minecraft:birch_planks":17,"minecraft:diamond_axe":2,"minecraft:glow_ink_sac":6,"minecraft:cooked_beef":3,"minecraft:oak_log":24,"minecraft:ender_pearl":3450,"minecraft:crossbow":1,"minecraft:leather":3,"minecraft:rail":129,"minecraft:emerald":96,"minecraft:flint":15,"minecraft:spruce_leaves":86,"minecraft:dirt":2051,"minecraft:ice":30,"minecraft:raw_copper_block":2,"minecraft:dispenser":142,"minecraft:cornflower":3,"minecraft:chain":20,"minecraft:gold_nugget":11,"minecraft:sand":128,"minecraft:birch_log":17,"minecraft:gold_ingot":4,"minecraft:bone":74,"minecraft:gravel":389,"minecraft:emerald_block":21,"minecraft:blackstone":24,"minecraft:sugar_cane":4,"minecraft:detector_rail":6,"minecraft:cobbled_deepslate":105,"minecraft:wheat":53,"minecraft:birch_sapling":54,"minecraft:obsidian":20,"minecraft:pointed_dripstone":1,"minecraft:rotten_flesh":85,"minecraft:oak_planks":193,"minecraft:end_stone":124,"minecraft:cooked_mutton":23,"minecraft:nether_brick_fence":6,"minecraft:azure_bluet":2,"minecraft:white_bed":23,"minecraft:carrot":1,"minecraft:salmon":6,"minecraft:poppy":4,"minecraft:gunpowder":20,"minecraft:deepslate_copper_ore":1,"minecraft:coal_ore":20,"minecraft:spruce_pressure_plate":11,"minecraft:chest":55,"minecraft:spruce_slab":6209,"minecraft:arrow":53,"minecraft:basalt":17,"minecraft:iron_ore":64,"minecraft:powered_rail":539,"minecraft:quartz":2,"minecraft:oak_leaves":21,"minecraft:firework_rocket":231,"minecraft:netherrack":761,"minecraft:enchanted_book":2,"minecraft:water_bucket":2,"minecraft:golden_boots":1,"minecraft:iron_ingot":14,"minecraft:birch_leaves":5,"minecraft:wheat_seeds":265,"minecraft:deepslate_iron_ore":1,"minecraft:dripstone_block":6,"minecraft:oak_fence":29,"minecraft:cobblestone":4821,"minecraft:book":2,"minecraft:observer":109,"minecraft:apple":2,"minecraft:granite":446,"minecraft:spruce_stairs":6,"minecraft:coal":204,"minecraft:stick":60211,"minecraft:oxeye_daisy":2,"minecraft:iron_block":24,"minecraft:diorite":1086,"minecraft:nether_gold_ore":10,"minecraft:golden_carrot":48,"minecraft:torch":800,"minecraft:cooked_salmon":12,"minecraft:lapis_ore":17,"minecraft:string":185,"minecraft:bucket":3,"minecraft:spruce_sapling":277,"minecraft:redstone_block":26,"minecraft:polished_deepslate":1363,"minecraft:dandelion":8,"minecraft:redstone":43,"minecraft:stone_sword":1,"minecraft:blaze_rod":6,"minecraft:deepslate":512,"minecraft:tuff":24,"minecraft:white_carpet":14,"minecraft:polished_deepslate_slab":2015,"minecraft:spruce_fence":82,"minecraft:shulker_box":5,"minecraft:glass_pane":2,"minecraft:pumpkin_seeds":4,"minecraft:copper_ore":39,"minecraft:potato":1,"minecraft:spruce_boat":1,"minecraft:stone":7466,"minecraft:peony":9,"minecraft:spruce_planks":32793,"minecraft:diamond_pickaxe":2,"minecraft:andesite":720,"minecraft:mossy_stone_bricks":1,"minecraft:oak_sapling":168,"minecraft:golden_sword":1,"minecraft:carved_pumpkin":13,"minecraft:spider_eye":14,"minecraft:spruce_log":64,"minecraft:bow":9,"minecraft:wooden_pickaxe":1,"minecraft:nether_quartz_ore":6,"minecraft:magma_cream":2},"minecraft:mined":{"minecraft:dragon_wall_head":1,"minecraft:spruce_planks":120,"minecraft:white_bed":6,"minecraft:oak_sapling":34,"minecraft:farmland":81,"minecraft:cobblestone_stairs":5,"minecraft:brewing_stand":1,"minecraft:obsidian":52,"minecraft:granite":1607,"minecraft:spruce_trapdoor":12,"minecraft:grass_block":1295,"minecraft:oak_pressure_plate":11,"minecraft:soul_soil":24,"minecraft:purpur_slab":5,"minecraft:oxeye_daisy":2,"minecraft:spawner":3,"minecraft:tall_seagrass":6,"minecraft:magma_block":410,"minecraft:cobbled_deepslate":90,"minecraft:iron_ore":568,"minecraft:sticky_piston":1,"minecraft:barrel":3,"minecraft:deepslate_lapis_ore":3,"minecraft:pointed_dripstone":8,"minecraft:polished_deepslate_slab":36,"minecraft:dirt_path":487,"minecraft:oak_stairs":173,"minecraft:spruce_pressure_plate":3,"minecraft:end_stone_bricks":22,"minecraft:iron_block":4,"minecraft:spruce_slab":273,"minecraft:tripwire":17,"minecraft:deepslate_redstone_ore":7,"minecraft:blackstone":27,"minecraft:kelp_plant":2,"minecraft:purpur_stairs":5,"minecraft:torch":22,"minecraft:poppy":1,"minecraft:chest":14,"minecraft:spruce_wall_sign":1,"minecraft:glass":22,"minecraft:nether_quartz_ore":60,"minecraft:cobblestone":448,"minecraft:slime_block":3,"minecraft:damaged_anvil":1,"minecraft:sugar_cane":727,"minecraft:oak_planks":362,"minecraft:wall_torch":5,"minecraft:cauldron":6,"minecraft:deepslate_copper_ore":7,"minecraft:birch_sapling":10,"minecraft:chain":3,"minecraft:repeater":12,"minecraft:powered_rail":163,"minecraft:light_gray_stained_glass":3,"minecraft:yellow_wool":9,"minecraft:birch_log":16,"minecraft:birch_trapdoor":6,"minecraft:purpur_block":13,"minecraft:oak_log":178,"minecraft:oak_fence_gate":3,"minecraft:loom":1,"minecraft:sand":361,"minecraft:dirt":1100,"minecraft:tripwire_hook":3,"minecraft:raw_copper_block":2,"minecraft:dispenser":7,"minecraft:netherrack":2903,"minecraft:oak_leaves":17,"minecraft:deepslate":1670,"minecraft:nether_gold_ore":10,"minecraft:diamond_ore":6,"minecraft:tuff":54,"minecraft:mossy_cobblestone":14,"minecraft:deepslate_diamond_ore":1,"minecraft:oak_door":3,"minecraft:end_stone":220,"minecraft:shulker_box":91,"minecraft:lever":16,"minecraft:nether_bricks":67,"minecraft:cobbled_deepslate_slab":1,"minecraft:spruce_fence":30,"minecraft:redstone_wire":11,"minecraft:spruce_leaves":60,"minecraft:kelp":10,"minecraft:hay_block":2,"minecraft:redstone_ore":8,"minecraft:oak_trapdoor":10,"minecraft:spruce_sapling":5,"minecraft:andesite":2699,"minecraft:detector_rail":3,"minecraft:chiseled_deepslate":11,"minecraft:peony":10,"minecraft:bell":5,"minecraft:nether_brick_fence":7,"minecraft:polished_deepslate":2,"minecraft:deepslate_iron_ore":33,"minecraft:rail":164,"minecraft:packed_ice":1340,"minecraft:stone":25858,"minecraft:white_wool":6,"minecraft:ender_chest":10,"minecraft:podzol":420,"minecraft:oak_slab":27,"minecraft:redstone_block":1,"minecraft:glass_pane":15,"minecraft:comparator":1,"minecraft:soul_sand":82,"minecraft:basalt":56,"minecraft:observer":14,"minecraft:dandelion":1,"minecraft:oak_fence":52,"minecraft:crafting_table":4,"minecraft:short_grass":55,"minecraft:spruce_button":1,"minecraft:lectern":1,"minecraft:purpur_pillar":8,"minecraft:copper_ore":244,"minecraft:deepslate_coal_ore":7,"minecraft:deepslate_gold_ore":4,"minecraft:lapis_ore":33,"minecraft:diorite":2054,"minecraft:spruce_stairs":3,"minecraft:birch_planks":39,"minecraft:redstone_torch":3,"minecraft:ice":252,"minecraft:spruce_log":385,"minecraft:coal_ore":939,"minecraft:end_rod":1,"minecraft:gravel":621,"minecraft:dripstone_block":6,"minecraft:stone_bricks":1,"minecraft:gold_ore":13,"minecraft:infested_stone":10},"minecraft:used":{"minecraft:polished_deepslate":2,"minecraft:chiseled_deepslate":523,"minecraft:dispenser":52,"minecraft:spruce_slab":6836,"minecraft:elytra":54,"minecraft:chest":75,"minecraft:shield":17,"minecraft:stone":1547,"minecraft:bell":4,"minecraft:spruce_leaves":1,"minecraft:soul_sand":10,"minecraft:nether_bricks":63,"minecraft:tuff":6,"minecraft:obsidian":39,"minecraft:spruce_boat":7,"minecraft:glass":1182,"minecraft:packed_ice":77,"minecraft:lava_bucket":48,"minecraft:coal_ore":372,"minecraft:grass_block":1,"minecraft:hopper_minecart":3,"minecraft:birch_trapdoor":6,"minecraft:repeater":54,"minecraft:magma_block":22,"minecraft:bow":71,"minecraft:mossy_stone_bricks":4,"minecraft:diorite":2,"minecraft:diamond_boots":2,"minecraft:damaged_anvil":1,"minecraft:end_stone_bricks":3,"minecraft:dropper":4,"minecraft:wither_skeleton_skull":3,"minecraft:powered_rail":362,"minecraft:oak_planks":397,"minecraft:ender_pearl":29,"minecraft:redstone_block":17,"minecraft:diamond_axe":2106,"minecraft:sugar_cane":72,"minecraft:purpur_pillar":1,"minecraft:golden_apple":2,"minecraft:loom":2,"minecraft:shears":161,"minecraft:end_stone":51,"minecraft:redstone_torch":11,"minecraft:sticky_piston":1,"minecraft:lever":42,"minecraft:firework_rocket":902,"minecraft:string":428,"minecraft:oak_pressure_plate":22,"minecraft:deepslate":187,"minecraft:diamond_sword":1144,"minecraft:oak_boat":2,"minecraft:birch_log":3,"minecraft:ice":114,"minecraft:chain":23,"minecraft:andesite":67,"minecraft:experience_bottle":42,"minecraft:purpur_block":1,"minecraft:iron_bars":1,"minecraft:flint_and_steel":4,"minecraft:carved_pumpkin":22,"minecraft:redstone":205,"minecraft:spruce_planks":2194,"minecraft:ender_chest":9,"minecraft:netherrack":1176,"minecraft:torch":961,"minecraft:dirt":1449,"minecraft:anvil":1,"minecraft:white_carpet":122,"minecraft:hopper":8,"minecraft:shulker_box":92,"minecraft:diamond_helmet":1,"minecraft:granite":87,"minecraft:spruce_fence":389,"minecraft:oak_fence_gate":5,"minecraft:light_gray_stained_glass":3,"minecraft:iron_block":104,"minecraft:spruce_button":7,"minecraft:slime_block":3,"minecraft:barrel":3,"minecraft:diamond_chestplate":51,"minecraft:tripwire_hook":12,"minecraft:golden_carrot":251,"minecraft:minecart":70,"minecraft:cobbled_deepslate":806,"minecraft:observer":57,"minecraft:pointed_dripstone":7,"minecraft:water_bucket":377,"minecraft:cobblestone_stairs":1,"minecraft:iron_ore":89,"minecraft:birch_planks":12,"minecraft:spruce_sign":22,"minecraft:cauldron":6,"minecraft:stonecutter":1,"minecraft:polished_deepslate_slab":1564,"minecraft:rail":222,"minecraft:comparator":13,"minecraft:crafting_table":6,"minecraft:white_bed":18,"minecraft:spruce_log":181,"minecraft:oak_log":1,"minecraft:ender_eye":15,"minecraft:diamond_pickaxe":42468,"minecraft:apple":1,"minecraft:diamond_shovel":4400,"minecraft:spruce_pressure_plate":19,"minecraft:detector_rail":4,"minecraft:spruce_trapdoor":120,"minecraft:spruce_sapling":5,"minecraft:cobblestone":323,"minecraft:cobbled_deepslate_slab":258,"minecraft:bucket":442,"minecraft:glass_pane":18,"minecraft:kelp":10,"minecraft:diamond_leggings":2},"minecraft:killed_by":{"minecraft:creeper":1,"minecraft:zombie":2,"minecraft:skeleton":1}},"DataVersion":3839}