{"stats":{"minecraft:killed":{"minecraft:zombified_piglin":4,"minecraft:spider":13,"minecraft:shulker":39,"minecraft:skeleton":32,"minecraft:magma_cube":1,"minecraft:piglin":1,"minecraft:zombie_villager":1,"minecraft:salmon":22,"minecraft:ender_dragon":1,"minecraft:creeper":17,"minecraft:sheep":8,"minecraft:pillager":2,"minecraft:zombie":37,"minecraft:ghast":4,"minecraft:blaze":9,"minecraft:cow":1,"minecraft:slime":16,"minecraft:phantom":12,"minecraft:drowned":3,"minecraft:squid":4,"minecraft:wither_skeleton":17,"minecraft:villager":1,"minecraft:enderman":3178},"minecraft:crafted":{"minecraft:black_dye":8,"minecraft:oak_planks":996,"minecraft:barrel":1,"minecraft:oak_pressure_plate":37,"minecraft:loom":1,"minecraft:cobblestone_stairs":4,"minecraft:diamond_shovel":1,"minecraft:lever":5,"minecraft:flower_banner_pattern":1,"minecraft:spruce_pressure_plate":28,"minecraft:shulker_box":8,"minecraft:iron_bars":16,"minecraft:glass":1798,"minecraft:hopper":10,"minecraft:repeater":17,"minecraft:bow":78,"minecraft:diamond_leggings":1,"minecraft:comparator":12,"minecraft:stone_pressure_plate":1,"minecraft:chest":111,"minecraft:black_wool":6,"minecraft:emerald":4092,"minecraft:diamond_axe":1,"minecraft:crafting_table":3,"minecraft:spruce_planks":46020,"minecraft:mojang_banner_pattern":1,"minecraft:hopper_minecart":2,"minecraft:birch_planks":48,"minecraft:polished_deepslate_slab":2554,"minecraft:dispenser":91,"minecraft:spruce_trapdoor":136,"minecraft:emerald_block":99,"minecraft:paper":277,"minecraft:diamond_pickaxe":1,"minecraft:chiseled_deepslate":327,"minecraft:shield":1,"minecraft:stick":74252,"minecraft:iron_ingot":348,"minecraft:iron_block":3,"minecraft:redstone_torch":78,"minecraft:shears":3,"minecraft:golden_carrot":186,"minecraft:cobbled_deepslate_slab":384,"minecraft:redstone":2140,"minecraft:tripwire_hook":10,"minecraft:experience_bottle":42,"minecraft:spruce_button":7,"minecraft:spruce_fence":201,"minecraft:white_carpet":192,"minecraft:glass_pane":16,"minecraft:detector_rail":6,"minecraft:polished_deepslate":1240,"minecraft:spruce_slab":8028,"minecraft:diamond_boots":1,"minecraft:spruce_boat":2,"minecraft:redstone_block":64,"minecraft:minecart":3,"minecraft:observer":93,"minecraft:red_dye":2,"minecraft:diamond_sword":1,"minecraft:spruce_sign":33,"minecraft:black_banner":1,"minecraft:bucket":21,"minecraft:enchanted_book":30,"minecraft:air":0,"minecraft:oak_fence_gate":5,"minecraft:white_wool":507,"minecraft:stonecutter":1,"minecraft:anvil":1,"minecraft:white_bed":60,"minecraft:torch":1928,"minecraft:diamond_chestplate":1,"minecraft:firework_rocket":828},"minecraft:custom":{"minecraft:interact_with_crafting_table":165,"minecraft:open_barrel":1,"minecraft:open_shulker_box":510,"minecraft:bell_ring":13,"minecraft:leave_game":61,"minecraft:time_since_death":172525,"minecraft:sprint_one_cm":2817416,"minecraft:damage_blocked_by_shield":911,"minecraft:drop":23364,"minecraft:talked_to_villager":401,"minecraft:play_time":1585930,"minecraft:deaths":8,"minecraft:jump":12537,"minecraft:walk_on_water_one_cm":334141,"minecraft:interact_with_furnace":16,"minecraft:traded_with_villager":5197,"minecraft:interact_with_loom":11,"minecraft:sleep_in_bed":27,"minecraft:open_enderchest":81,"minecraft:damage_dealt":51287,"minecraft:crouch_one_cm":680526,"minecraft:use_cauldron":23,"minecraft:inspect_dispenser":46,"minecraft:inspect_dropper":7,"minecraft:mob_kills":3442,"minecraft:interact_with_anvil":42,"minecraft:inspect_hopper":17,"minecraft:fill_cauldron":1,"minecraft:climb_one_cm":3015,"minecraft:walk_one_cm":4690689,"minecraft:sneak_time":140420,"minecraft:walk_under_water_one_cm":137287,"minecraft:boat_one_cm":30452,"minecraft:interact_with_blast_furnace":55,"minecraft:total_world_time":1585930,"minecraft:interact_with_grindstone":5,"minecraft:interact_with_stonecutter":5,"minecraft:time_since_rest":13428,"minecraft:damage_taken":18757,"minecraft:damage_absorbed":40,"minecraft:swim_one_cm":115258,"minecraft:fly_one_cm":5916644,"minecraft:open_chest":1441,"minecraft:aviate_one_cm":14367816,"minecraft:fall_one_cm":492841},"minecraft:picked_up":{"minecraft:shulker_shell":27,"minecraft:chiseled_deepslate":11,"minecraft:wheat":53,"minecraft:redstone_block":23,"minecraft:ender_chest":19,"minecraft:nether_brick_fence":6,"minecraft:diamond_sword":5,"minecraft:oak_stairs":44,"minecraft:enchanted_book":6,"minecraft:potion":2,"minecraft:brewing_stand":1,"minecraft:golden_sword":1,"minecraft:polished_deepslate":1364,"minecraft:string":42728,"minecraft:soul_soil":62,"minecraft:raw_copper":121,"minecraft:cooked_salmon":16,"minecraft:deepslate_lapis_ore":3,"minecraft:sticky_piston":1,"minecraft:diamond_leggings":7,"minecraft:gold_nugget":11,"minecraft:cobbled_deepslate":1017,"minecraft:comparator":1,"minecraft:bucket":17,"minecraft:spruce_planks":31733,"minecraft:redstone_torch":4,"minecraft:hopper_minecart":1,"minecraft:enchanted_golden_apple":1,"minecraft:deepslate_iron_ore":20,"minecraft:spruce_pressure_plate":2,"minecraft:stick":57862,"minecraft:birch_trapdoor":6,"minecraft:oak_fence":247,"minecraft:torch":1326,"minecraft:purpur_pillar":8,"minecraft:pointed_dripstone":9,"minecraft:diorite":765,"minecraft:cauldron":6,"minecraft:nether_gold_ore":10,"minecraft:stone_sword":1,"minecraft:rotten_flesh":114,"minecraft:iron_block":128,"minecraft:carved_pumpkin":35,"minecraft:end_rod":3,"minecraft:deepslate_copper_ore":1,"minecraft:blaze_rod":6,"minecraft:obsidian":20,"minecraft:cobblestone":2969,"minecraft:birch_log":96,"minecraft:magma_block":393,"minecraft:cooked_beef":3,"minecraft:magma_cream":2,"minecraft:repeater":13,"minecraft:water_bucket":7,"minecraft:andesite":732,"minecraft:potato":1,"minecraft:flint":43,"minecraft:tuff":32,"minecraft:wither_skeleton_skull":3,"minecraft:lapis_lazuli":98,"minecraft:dirt":2251,"minecraft:name_tag":5,"minecraft:glass":99,"minecraft:bone":133,"minecraft:bow":7,"minecraft:wheat_seeds":232,"minecraft:raw_gold":31,"minecraft:cobbled_deepslate_slab":528,"minecraft:bell":5,"minecraft:mossy_stone_bricks":1,"minecraft:diamond_helmet":7,"minecraft:powered_rail":149,"minecraft:oak_planks":279,"minecraft:oak_pressure_plate":35,"minecraft:sand":128,"minecraft:stripped_spruce_log":1,"minecraft:ink_sac":8,"minecraft:grass_block":1,"minecraft:loom":1,"minecraft:barrel":2,"minecraft:shulker_box":91,"minecraft:mossy_cobblestone":9,"minecraft:dispenser":103,"minecraft:spruce_boat":6,"minecraft:diamond":33,"minecraft:deepslate":929,"minecraft:slime_block":3,"minecraft:lever":10,"minecraft:deepslate_gold_ore":4,"minecraft:crossbow":1,"minecraft:granite":550,"minecraft:bone_meal":4,"minecraft:spruce_button":1,"minecraft:golden_apple":15,"minecraft:spruce_sign":7,"minecraft:emerald":122,"minecraft:oak_sapling":153,"minecraft:netherrack":2073,"minecraft:oak_leaves":20,"minecraft:end_stone_bricks":22,"minecraft:diamond_pickaxe":16,"minecraft:spruce_leaves":100,"minecraft:azure_bluet":2,"minecraft:packed_ice":1277,"minecraft:dragon_head":1,"minecraft:chain":3,"minecraft:purpur_block":10,"minecraft:oak_trapdoor":4,"minecraft:elytra":10,"minecraft:white_carpet":2,"minecraft:blackstone":26,"minecraft:detector_rail":4,"minecraft:observer":78,"minecraft:poppy":4,"minecraft:spruce_slab":4518,"minecraft:lectern":1,"minecraft:sugar_cane":1165,"minecraft:chest":67,"minecraft:birch_sapling":49,"minecraft:spruce_trapdoor":12,"minecraft:phantom_membrane":28,"minecraft:raw_copper_block":2,"minecraft:copper_ore":213,"minecraft:raw_iron":1195,"minecraft:end_stone":240,"minecraft:polished_deepslate_slab":2014,"minecraft:stone":9247,"minecraft:oak_door":1,"minecraft:spruce_fence":111,"minecraft:white_dye":15,"minecraft:redstone":872,"minecraft:carrot":2,"minecraft:arrow":106,"minecraft:diamond_chestplate":2,"minecraft:peony":9,"minecraft:nether_bricks":63,"minecraft:diamond_boots":6,"minecraft:purpur_slab":5,"minecraft:hay_block":2,"minecraft:gold_ingot":17,"minecraft:rail":100,"minecraft:white_wool":6,"minecraft:oxeye_daisy":2,"minecraft:lapis_ore":39,"minecraft:birch_leaves":5,"minecraft:purple_dye":2,"minecraft:basalt":56,"minecraft:golden_carrot":204,"minecraft:glow_ink_sac":6,"minecraft:tripwire_hook":6,"minecraft:salmon":6,"minecraft:leather":3,"minecraft:birch_planks":37,"minecraft:ice":271,"minecraft:purpur_stairs":4,"minecraft:oak_log":353,"minecraft:golden_boots":1,"minecraft:gunpowder":46,"minecraft:paper":2,"minecraft:cooked_mutton":23,"minecraft:apple":122,"minecraft:stone_bricks":1,"minecraft:kelp":362,"minecraft:oak_fence_gate":4,"minecraft:iron_ingot":53,"minecraft:iron_ore":159,"minecraft:soul_sand":29,"minecraft:nether_quartz_ore":6,"minecraft:quartz":123,"minecraft:dandelion":9,"minecraft:dripstone_block":6,"minecraft:gravel":332,"minecraft:spruce_sapling":1185,"minecraft:white_bed":18,"minecraft:spruce_log":9958,"minecraft:gold_ore":13,"minecraft:spider_eye":17,"minecraft:firework_rocket":172,"minecraft:diamond_shovel":6,"minecraft:pumpkin_seeds":4,"minecraft:coal_ore":581,"minecraft:slime_ball":223,"minecraft:deepslate_redstone_ore":6,"minecraft:diamond_axe":9,"minecraft:gray_wool":1,"minecraft:damaged_anvil":1,"minecraft:coal":1299,"minecraft:ender_pearl":3650},"minecraft:killed_by":{"minecraft:creeper":1,"minecraft:zombie":2,"minecraft:skeleton":1},"minecraft:dropped":{"minecraft:soul_sand":1,"minecraft:birch_planks":17,"minecraft:diamond_axe":2,"minecraft:glow_ink_sac":6,"minecraft:cooked_beef":3,"minecraft:oak_log":24,"minecraft:ender_pearl":3450,"minecraft:crossbow":1,"minecraft:leather":3,"minecraft:rail":129,"minecraft:emerald":96,"minecraft:flint":15,"minecraft:spruce_leaves":86,"minecraft:dirt":2050,"minecraft:ice":30,"minecraft:raw_copper_block":2,"minecraft:dispenser":142,"minecraft:cornflower":3,"minecraft:chain":20,"minecraft:gold_nugget":11,"minecraft:sand":128,"minecraft:birch_log":17,"minecraft:gold_ingot":4,"minecraft:bone":65,"minecraft:gravel":389,"minecraft:emerald_block":21,"minecraft:blackstone":24,"minecraft:sugar_cane":4,"minecraft:detector_rail":6,"minecraft:cobbled_deepslate":105,"minecraft:wheat":53,"minecraft:birch_sapling":54,"minecraft:obsidian":20,"minecraft:pointed_dripstone":1,"minecraft:rotten_flesh":84,"minecraft:oak_planks":193,"minecraft:end_stone":124,"minecraft:cooked_mutton":23,"minecraft:nether_brick_fence":6,"minecraft:azure_bluet":2,"minecraft:white_bed":23,"minecraft:carrot":1,"minecraft:salmon":6,"minecraft:poppy":2,"minecraft:gunpowder":20,"minecraft:deepslate_copper_ore":1,"minecraft:coal_ore":20,"minecraft:spruce_pressure_plate":11,"minecraft:chest":55,"minecraft:spruce_slab":6209,"minecraft:arrow":46,"minecraft:basalt":17,"minecraft:iron_ore":64,"minecraft:powered_rail":538,"minecraft:quartz":2,"minecraft:oak_leaves":21,"minecraft:netherrack":710,"minecraft:enchanted_book":2,"minecraft:water_bucket":2,"minecraft:golden_boots":1,"minecraft:iron_ingot":14,"minecraft:birch_leaves":5,"minecraft:wheat_seeds":265,"minecraft:deepslate_iron_ore":1,"minecraft:dripstone_block":6,"minecraft:oak_fence":29,"minecraft:cobblestone":4797,"minecraft:book":2,"minecraft:observer":109,"minecraft:apple":2,"minecraft:granite":446,"minecraft:spruce_stairs":3,"minecraft:coal":204,"minecraft:stick":60211,"minecraft:oxeye_daisy":2,"minecraft:iron_block":24,"minecraft:diorite":1086,"minecraft:nether_gold_ore":10,"minecraft:golden_carrot":48,"minecraft:torch":798,"minecraft:cooked_salmon":12,"minecraft:lapis_ore":17,"minecraft:string":183,"minecraft:bucket":3,"minecraft:spruce_sapling":277,"minecraft:redstone_block":26,"minecraft:polished_deepslate":1363,"minecraft:dandelion":8,"minecraft:redstone":43,"minecraft:stone_sword":1,"minecraft:blaze_rod":6,"minecraft:deepslate":512,"minecraft:tuff":24,"minecraft:white_carpet":14,"minecraft:polished_deepslate_slab":2015,"minecraft:spruce_fence":82,"minecraft:shulker_box":5,"minecraft:pumpkin_seeds":4,"minecraft:copper_ore":39,"minecraft:potato":1,"minecraft:spruce_boat":1,"minecraft:stone":7466,"minecraft:peony":9,"minecraft:spruce_planks":32792,"minecraft:diamond_pickaxe":2,"minecraft:andesite":720,"minecraft:mossy_stone_bricks":1,"minecraft:oak_sapling":168,"minecraft:golden_sword":1,"minecraft:carved_pumpkin":13,"minecraft:spider_eye":12,"minecraft:spruce_log":64,"minecraft:bow":9,"minecraft:wooden_pickaxe":1,"minecraft:nether_quartz_ore":6,"minecraft:magma_cream":2},"minecraft:used":{"minecraft:polished_deepslate":2,"minecraft:chiseled_deepslate":523,"minecraft:dispenser":52,"minecraft:spruce_slab":6836,"minecraft:elytra":52,"minecraft:chest":75,"minecraft:shield":17,"minecraft:stone":1547,"minecraft:bell":4,"minecraft:spruce_leaves":1,"minecraft:soul_sand":10,"minecraft:nether_bricks":63,"minecraft:tuff":6,"minecraft:obsidian":10,"minecraft:spruce_boat":6,"minecraft:glass":1163,"minecraft:packed_ice":77,"minecraft:lava_bucket":48,"minecraft:coal_ore":372,"minecraft:grass_block":1,"minecraft:hopper_minecart":3,"minecraft:birch_trapdoor":6,"minecraft:repeater":54,"minecraft:magma_block":22,"minecraft:bow":71,"minecraft:mossy_stone_bricks":4,"minecraft:diorite":2,"minecraft:diamond_boots":2,"minecraft:damaged_anvil":1,"minecraft:end_stone_bricks":3,"minecraft:dropper":4,"minecraft:wither_skeleton_skull":3,"minecraft:powered_rail":108,"minecraft:oak_planks":199,"minecraft:ender_pearl":29,"minecraft:redstone_block":17,"minecraft:diamond_axe":1931,"minecraft:sugar_cane":71,"minecraft:purpur_pillar":1,"minecraft:golden_apple":2,"minecraft:loom":2,"minecraft:shears":161,"minecraft:end_stone":51,"minecraft:redstone_torch":11,"minecraft:sticky_piston":1,"minecraft:lever":15,"minecraft:firework_rocket":743,"minecraft:string":428,"minecraft:oak_pressure_plate":22,"minecraft:deepslate":187,"minecraft:diamond_sword":1114,"minecraft:chain":23,"minecraft:birch_log":3,"minecraft:ice":114,"minecraft:andesite":67,"minecraft:experience_bottle":42,"minecraft:purpur_block":1,"minecraft:iron_bars":1,"minecraft:flint_and_steel":1,"minecraft:carved_pumpkin":22,"minecraft:redstone":205,"minecraft:spruce_planks":2194,"minecraft:ender_chest":9,"minecraft:netherrack":797,"minecraft:torch":930,"minecraft:dirt":1415,"minecraft:anvil":1,"minecraft:white_carpet":122,"minecraft:hopper":8,"minecraft:shulker_box":92,"minecraft:diamond_helmet":1,"minecraft:granite":87,"minecraft:spruce_fence":389,"minecraft:oak_fence_gate":5,"minecraft:iron_block":104,"minecraft:spruce_button":7,"minecraft:slime_block":3,"minecraft:barrel":3,"minecraft:diamond_chestplate":49,"minecraft:tripwire_hook":12,"minecraft:golden_carrot":226,"minecraft:minecart":1,"minecraft:cobbled_deepslate":806,"minecraft:observer":57,"minecraft:pointed_dripstone":7,"minecraft:water_bucket":371,"minecraft:cobblestone_stairs":1,"minecraft:iron_ore":89,"minecraft:birch_planks":12,"minecraft:spruce_sign":22,"minecraft:cauldron":6,"minecraft:stonecutter":1,"minecraft:polished_deepslate_slab":1564,"minecraft:rail":31,"minecraft:comparator":13,"minecraft:crafting_table":3,"minecraft:white_bed":18,"minecraft:spruce_log":181,"minecraft:oak_log":1,"minecraft:ender_eye":15,"minecraft:diamond_pickaxe":41700,"minecraft:apple":1,"minecraft:diamond_shovel":4359,"minecraft:spruce_pressure_plate":19,"minecraft:detector_rail":4,"minecraft:spruce_trapdoor":120,"minecraft:spruce_sapling":5,"minecraft:cobblestone":323,"minecraft:cobbled_deepslate_slab":258,"minecraft:bucket":434,"minecraft:glass_pane":1,"minecraft:kelp":10,"minecraft:diamond_leggings":2},"minecraft:mined":{"minecraft:dragon_wall_head":1,"minecraft:spruce_planks":120,"minecraft:white_bed":6,"minecraft:oak_sapling":34,"minecraft:farmland":81,"minecraft:cobblestone_stairs":5,"minecraft:brewing_stand":1,"minecraft:obsidian":23,"minecraft:granite":1607,"minecraft:spruce_trapdoor":12,"minecraft:grass_block":1252,"minecraft:oak_pressure_plate":11,"minecraft:soul_soil":24,"minecraft:purpur_slab":5,"minecraft:oxeye_daisy":2,"minecraft:spawner":3,"minecraft:tall_seagrass":6,"minecraft:magma_block":410,"minecraft:cobbled_deepslate":90,"minecraft:iron_ore":568,"minecraft:sticky_piston":1,"minecraft:barrel":2,"minecraft:deepslate_lapis_ore":3,"minecraft:pointed_dripstone":8,"minecraft:polished_deepslate_slab":36,"minecraft:dirt_path":487,"minecraft:oak_stairs":173,"minecraft:spruce_pressure_plate":2,"minecraft:end_stone_bricks":22,"minecraft:iron_block":4,"minecraft:spruce_slab":273,"minecraft:tripwire":17,"minecraft:deepslate_redstone_ore":7,"minecraft:blackstone":27,"minecraft:kelp_plant":2,"minecraft:purpur_stairs":5,"minecraft:torch":21,"minecraft:poppy":1,"minecraft:chest":14,"minecraft:spruce_wall_sign":1,"minecraft:glass":9,"minecraft:nether_quartz_ore":60,"minecraft:cobblestone":448,"minecraft:slime_block":3,"minecraft:damaged_anvil":1,"minecraft:sugar_cane":639,"minecraft:oak_planks":223,"minecraft:wall_torch":5,"minecraft:cauldron":6,"minecraft:deepslate_copper_ore":7,"minecraft:birch_sapling":10,"minecraft:chain":3,"minecraft:repeater":12,"minecraft:powered_rail":42,"minecraft:yellow_wool":9,"minecraft:birch_log":16,"minecraft:birch_trapdoor":6,"minecraft:purpur_block":13,"minecraft:oak_log":178,"minecraft:oak_fence_gate":3,"minecraft:loom":1,"minecraft:sand":361,"minecraft:dirt":1092,"minecraft:tripwire_hook":3,"minecraft:raw_copper_block":2,"minecraft:dispenser":7,"minecraft:netherrack":2457,"minecraft:oak_leaves":15,"minecraft:deepslate":1670,"minecraft:nether_gold_ore":10,"minecraft:diamond_ore":6,"minecraft:tuff":54,"minecraft:mossy_cobblestone":14,"minecraft:deepslate_diamond_ore":1,"minecraft:oak_door":3,"minecraft:end_stone":220,"minecraft:shulker_box":91,"minecraft:lever":7,"minecraft:nether_bricks":67,"minecraft:cobbled_deepslate_slab":1,"minecraft:spruce_fence":30,"minecraft:redstone_wire":11,"minecraft:spruce_leaves":60,"minecraft:kelp":10,"minecraft:hay_block":2,"minecraft:redstone_ore":8,"minecraft:oak_trapdoor":10,"minecraft:spruce_sapling":5,"minecraft:andesite":2699,"minecraft:detector_rail":3,"minecraft:chiseled_deepslate":11,"minecraft:peony":10,"minecraft:bell":5,"minecraft:nether_brick_fence":7,"minecraft:polished_deepslate":2,"minecraft:rail":37,"minecraft:deepslate_iron_ore":33,"minecraft:packed_ice":1340,"minecraft:stone":25839,"minecraft:white_wool":6,"minecraft:ender_chest":10,"minecraft:podzol":420,"minecraft:oak_slab":27,"minecraft:redstone_block":1,"minecraft:glass_pane":10,"minecraft:comparator":1,"minecraft:soul_sand":82,"minecraft:basalt":56,"minecraft:observer":14,"minecraft:dandelion":1,"minecraft:oak_fence":52,"minecraft:short_grass":54,"minecraft:spruce_button":1,"minecraft:lectern":1,"minecraft:purpur_pillar":8,"minecraft:copper_ore":244,"minecraft:deepslate_coal_ore":7,"minecraft:deepslate_gold_ore":4,"minecraft:lapis_ore":33,"minecraft:diorite":2054,"minecraft:birch_planks":39,"minecraft:redstone_torch":3,"minecraft:ice":252,"minecraft:spruce_log":385,"minecraft:coal_ore":939,"minecraft:end_rod":1,"minecraft:gravel":621,"minecraft:dripstone_block":6,"minecraft:stone_bricks":1,"minecraft:gold_ore":13,"minecraft:infested_stone":10}},"DataVersion":3839}