{"stats":{"minecraft:crafted":{"minecraft:black_dye":8,"minecraft:oak_pressure_plate":37,"minecraft:slime_block":153,"minecraft:loom":1,"minecraft:lever":45,"minecraft:diamond_shovel":1,"minecraft:shulker_box":12,"minecraft:iron_bars":16,"minecraft:glass":1962,"minecraft:repeater":32,"minecraft:diamond_leggings":1,"minecraft:beacon":1,"minecraft:stone_pressure_plate":1,"minecraft:black_wool":6,"minecraft:emerald":4931,"minecraft:diamond_axe":1,"minecraft:sticky_piston":30,"minecraft:oak_wood":219,"minecraft:polished_deepslate_slab":2554,"minecraft:green_terracotta":336,"minecraft:chiseled_deepslate":327,"minecraft:iron_block":187,"minecraft:gold_ingot":7,"minecraft:netherite_ingot":9,"minecraft:golden_carrot":855,"minecraft:orange_shulker_box":1,"minecraft:experience_bottle":42,"minecraft:spruce_fence":201,"minecraft:white_carpet":192,"minecraft:detector_rail":6,"minecraft:spruce_slab":8064,"minecraft:red_shulker_box":1,"minecraft:diamond_boots":1,"minecraft:spruce_boat":2,"minecraft:redstone_block":76,"minecraft:dark_oak_planks":128,"minecraft:enchanted_book":34,"minecraft:oak_fence_gate":5,"minecraft:white_bed":60,"minecraft:oak_planks":1324,"minecraft:barrel":1,"minecraft:cobblestone_stairs":4,"minecraft:flower_banner_pattern":1,"minecraft:spruce_pressure_plate":28,"minecraft:green_dye":42,"minecraft:hopper":16,"minecraft:bow":79,"minecraft:comparator":12,"minecraft:chest":132,"minecraft:netherite_upgrade_smithing_template":34,"minecraft:spire_armor_trim_smithing_template":6,"minecraft:crafting_table":3,"minecraft:spruce_planks":46412,"minecraft:mojang_banner_pattern":1,"minecraft:hopper_minecart":2,"minecraft:birch_planks":68,"minecraft:dispenser":91,"minecraft:tnt":432,"minecraft:spruce_trapdoor":178,"minecraft:paper":1237,"minecraft:diamond_pickaxe":1,"minecraft:emerald_block":99,"minecraft:yellow_dye":7,"minecraft:shield":1,"minecraft:stick":74332,"minecraft:iron_ingot":442,"minecraft:redstone_torch":78,"minecraft:shears":3,"minecraft:cobbled_deepslate_slab":384,"minecraft:redstone":2158,"minecraft:tripwire_hook":10,"minecraft:spruce_button":7,"minecraft:furnace":4,"minecraft:piston":30,"minecraft:glass_pane":16,"minecraft:flint_and_steel":1,"minecraft:netherite_chestplate":2,"minecraft:yellow_shulker_box":2,"minecraft:polished_deepslate":1240,"minecraft:slime_ball":117,"minecraft:netherite_scrap":42,"minecraft:observer":93,"minecraft:minecart":6,"minecraft:red_dye":4,"minecraft:diamond_sword":1,"minecraft:spruce_sign":33,"minecraft:dark_oak_stairs":164,"minecraft:black_banner":1,"minecraft:bucket":21,"minecraft:air":0,"minecraft:oak_boat":2,"minecraft:white_wool":507,"minecraft:stonecutter":1,"minecraft:anvil":1,"minecraft:torch":2096,"minecraft:diamond_chestplate":1,"minecraft:firework_rocket":2979},"minecraft:used":{"minecraft:chiseled_deepslate":523,"minecraft:spruce_slab":6936,"minecraft:dispenser":52,"minecraft:elytra":91,"minecraft:chest":93,"minecraft:stone":2157,"minecraft:soul_sand":14,"minecraft:spruce_boat":7,"minecraft:packed_ice":77,"minecraft:lava_bucket":49,"minecraft:netherite_shovel":1000,"minecraft:grass_block":4,"minecraft:orange_shulker_box":4,"minecraft:bow":190,"minecraft:furnace":8,"minecraft:mossy_stone_bricks":8,"minecraft:diorite":2,"minecraft:damaged_anvil":1,"minecraft:end_stone_bricks":3,"minecraft:powered_rail":481,"minecraft:cactus":39,"minecraft:purpur_pillar":1,"minecraft:golden_apple":2,"minecraft:sand":38,"minecraft:lectern":52,"minecraft:oak_pressure_plate":22,"minecraft:diamond_sword":1294,"minecraft:birch_log":3,"minecraft:ice":114,"minecraft:oak_boat":2,"minecraft:iron_bars":1,"minecraft:carved_pumpkin":22,"minecraft:netherrack":1517,"minecraft:torch":1180,"minecraft:anvil":1,"minecraft:stone_stairs":29,"minecraft:oak_fence_gate":5,"minecraft:red_shulker_box":10,"minecraft:flowering_azalea":1,"minecraft:iron_block":270,"minecraft:slime_block":3,"minecraft:spruce_button":7,"minecraft:barrel":3,"minecraft:bamboo":72,"minecraft:diamond_chestplate":60,"minecraft:tripwire_hook":12,"minecraft:podzol":2,"minecraft:cobbled_deepslate":807,"minecraft:observer":57,"minecraft:pointed_dripstone":7,"minecraft:water_bucket":382,"minecraft:birch_planks":12,"minecraft:yellow_shulker_box":2,"minecraft:cauldron":6,"minecraft:polished_deepslate_slab":1564,"minecraft:rail":423,"minecraft:comparator":13,"minecraft:tnt":317,"minecraft:crafting_table":8,"minecraft:white_bed":23,"minecraft:spruce_log":207,"minecraft:oak_log":1,"minecraft:ender_eye":15,"minecraft:diamond_pickaxe":52283,"minecraft:diamond_shovel":9590,"minecraft:spruce_pressure_plate":19,"minecraft:spruce_trapdoor":135,"minecraft:spruce_sapling":9,"minecraft:cobblestone":324,"minecraft:glass_pane":19,"minecraft:kelp":10,"minecraft:diamond_leggings":2,"minecraft:polished_deepslate":2,"minecraft:shield":17,"minecraft:bell":4,"minecraft:green_terracotta":195,"minecraft:spruce_leaves":1,"minecraft:nether_bricks":83,"minecraft:carrot":5,"minecraft:tuff":6,"minecraft:obsidian":59,"minecraft:glass":1198,"minecraft:coal_ore":372,"minecraft:hopper_minecart":3,"minecraft:birch_trapdoor":6,"minecraft:repeater":69,"minecraft:magma_block":22,"minecraft:dark_oak_stairs":65,"minecraft:diamond_boots":2,"minecraft:dropper":4,"minecraft:wither_skeleton_skull":6,"minecraft:oak_planks":617,"minecraft:ender_pearl":29,"minecraft:redstone_block":28,"minecraft:diamond_axe":2515,"minecraft:sugar_cane":74,"minecraft:loom":2,"minecraft:end_stone":52,"minecraft:shears":224,"minecraft:redstone_torch":36,"minecraft:sticky_piston":40,"minecraft:lever":55,"minecraft:firework_rocket":1491,"minecraft:string":541,"minecraft:deepslate":187,"minecraft:andesite":67,"minecraft:chain":23,"minecraft:experience_bottle":42,"minecraft:azalea":7,"minecraft:purpur_block":1,"minecraft:netherite_sword":220,"minecraft:flint_and_steel":5,"minecraft:redstone":205,"minecraft:spruce_planks":2410,"minecraft:ender_chest":18,"minecraft:dirt":2562,"minecraft:white_carpet":122,"minecraft:hopper":14,"minecraft:diamond_helmet":1,"minecraft:shulker_box":115,"minecraft:oak_wood":95,"minecraft:spruce_fence":389,"minecraft:granite":90,"minecraft:dark_oak_planks":5,"minecraft:light_gray_stained_glass":5,"minecraft:golden_carrot":399,"minecraft:emerald_block":167,"minecraft:netherite_pickaxe":12916,"minecraft:minecart":99,"minecraft:iron_ore":89,"minecraft:cobblestone_stairs":21,"minecraft:netherite_chestplate":28,"minecraft:spruce_sign":22,"minecraft:beacon":2,"minecraft:stonecutter":2,"minecraft:apple":1,"minecraft:netherite_axe":208,"minecraft:detector_rail":4,"minecraft:cobbled_deepslate_slab":258,"minecraft:bucket":447},"minecraft:custom":{"minecraft:interact_with_crafting_table":229,"minecraft:open_barrel":1,"minecraft:bell_ring":13,"minecraft:leave_game":77,"minecraft:time_since_death":212771,"minecraft:damage_blocked_by_shield":911,"minecraft:play_time":2404261,"minecraft:deaths":10,"minecraft:jump":18460,"minecraft:interact_with_furnace":50,"minecraft:traded_with_villager":6304,"minecraft:sleep_in_bed":49,"minecraft:damage_dealt":78787,"minecraft:use_cauldron":23,"minecraft:inspect_dispenser":63,"minecraft:interact_with_smithing_table":23,"minecraft:inspect_dropper":7,"minecraft:interact_with_anvil":44,"minecraft:inspect_hopper":19,"minecraft:sneak_time":199446,"minecraft:interact_with_blast_furnace":77,"minecraft:total_world_time":2404261,"minecraft:interact_with_stonecutter":9,"minecraft:time_since_rest":21961,"minecraft:swim_one_cm":119407,"minecraft:fly_one_cm":7323240,"minecraft:open_chest":1861,"minecraft:fall_one_cm":745891,"minecraft:open_shulker_box":688,"minecraft:sprint_one_cm":4758417,"minecraft:drop":24912,"minecraft:talked_to_villager":560,"minecraft:walk_on_water_one_cm":398235,"minecraft:interact_with_loom":11,"minecraft:open_enderchest":146,"minecraft:interact_with_beacon":5,"minecraft:crouch_one_cm":920696,"minecraft:mob_kills":4342,"minecraft:fill_cauldron":1,"minecraft:climb_one_cm":3452,"minecraft:walk_one_cm":7432868,"minecraft:walk_under_water_one_cm":144190,"minecraft:boat_one_cm":59245,"minecraft:interact_with_grindstone":5,"minecraft:damage_taken":32133,"minecraft:damage_absorbed":40,"minecraft:minecart_one_cm":0,"minecraft:aviate_one_cm":28018898},"minecraft:dropped":{"minecraft:cooked_beef":3,"minecraft:glow_ink_sac":9,"minecraft:diamond":82,"minecraft:cooked_porkchop":5,"minecraft:crossbow":1,"minecraft:cracked_stone_bricks":6,"minecraft:rail":386,"minecraft:emerald":103,"minecraft:dirt":3070,"minecraft:raw_copper_block":2,"minecraft:chain":20,"minecraft:gold_nugget":78,"minecraft:sand":206,"minecraft:white_wool":1,"minecraft:bone":256,"minecraft:emerald_block":21,"minecraft:sugar_cane":4,"minecraft:lever":1,"minecraft:detector_rail":7,"minecraft:cobbled_deepslate":127,"minecraft:wheat":53,"minecraft:birch_sapling":55,"minecraft:obsidian":20,"minecraft:rotten_flesh":121,"minecraft:oak_planks":306,"minecraft:end_stone":140,"minecraft:nether_brick_fence":7,"minecraft:azure_bluet":2,"minecraft:white_bed":23,"minecraft:salmon":6,"minecraft:deepslate_copper_ore":1,"minecraft:coal_ore":79,"minecraft:spruce_slab":6249,"minecraft:glass":2,"minecraft:ghast_tear":4,"minecraft:enchanted_book":2,"minecraft:golden_boots":1,"minecraft:iron_ingot":16,"minecraft:birch_leaves":5,"minecraft:wheat_seeds":268,"minecraft:tnt":1415,"minecraft:dripstone_block":6,"minecraft:oak_fence":29,"minecraft:book":2,"minecraft:cobblestone":4845,"minecraft:apple":46,"minecraft:granite":446,"minecraft:coal":208,"minecraft:oxeye_daisy":2,"minecraft:golden_carrot":48,"minecraft:cooked_salmon":12,"minecraft:lapis_ore":17,"minecraft:red_dye":1,"minecraft:string":268,"minecraft:spruce_sapling":277,"minecraft:green_terracotta":137,"minecraft:stone_sword":5,"minecraft:deepslate":512,"minecraft:white_carpet":21,"minecraft:polished_deepslate_slab":2015,"minecraft:spruce_fence":135,"minecraft:shears":1,"minecraft:pumpkin_seeds":4,"minecraft:potato":1,"minecraft:spruce_boat":1,"minecraft:stone":9576,"minecraft:peony":11,"minecraft:spruce_planks":32929,"minecraft:diamond_pickaxe":2,"minecraft:carved_pumpkin":13,"minecraft:redstone_torch":1,"minecraft:spider_eye":16,"minecraft:bow":10,"minecraft:magma_block":10,"minecraft:terracotta":34,"minecraft:soul_sand":1,"minecraft:dark_oak_stairs":54,"minecraft:birch_planks":25,"minecraft:diamond_axe":2,"minecraft:oak_log":24,"minecraft:ender_pearl":4973,"minecraft:netherite_upgrade_smithing_template":9,"minecraft:leather":5,"minecraft:flint":15,"minecraft:spruce_leaves":86,"minecraft:cracked_polished_blackstone_bricks":19,"minecraft:netherite_scrap":6,"minecraft:ice":30,"minecraft:dispenser":142,"minecraft:cornflower":3,"minecraft:polished_blackstone_bricks":45,"minecraft:birch_log":17,"minecraft:gold_ingot":4,"minecraft:gravel":466,"minecraft:blackstone":196,"minecraft:pointed_dripstone":1,"minecraft:cooked_mutton":23,"minecraft:carrot":9,"minecraft:poppy":448,"minecraft:gunpowder":22,"minecraft:spruce_pressure_plate":11,"minecraft:glowstone":47,"minecraft:chest":55,"minecraft:iron_ore":87,"minecraft:basalt":226,"minecraft:arrow":69,"minecraft:powered_rail":627,"minecraft:quartz":66,"minecraft:oak_leaves":23,"minecraft:netherrack":3379,"minecraft:firework_rocket":1964,"minecraft:water_bucket":2,"minecraft:deepslate_iron_ore":1,"minecraft:minecart":54,"minecraft:observer":109,"minecraft:spruce_stairs":6,"minecraft:stick":60420,"minecraft:iron_block":43,"minecraft:nether_gold_ore":10,"minecraft:diorite":1094,"minecraft:torch":800,"minecraft:bucket":3,"minecraft:redstone_block":26,"minecraft:dandelion":8,"minecraft:redstone":43,"minecraft:polished_deepslate":1363,"minecraft:blaze_rod":6,"minecraft:tuff":24,"minecraft:shulker_box":8,"minecraft:glass_pane":2,"minecraft:red_terracotta":2,"minecraft:flint_and_steel":2,"minecraft:copper_ore":64,"minecraft:orange_terracotta":256,"minecraft:andesite":747,"minecraft:mossy_stone_bricks":6,"minecraft:oak_boat":2,"minecraft:oak_sapling":175,"minecraft:golden_sword":1,"minecraft:spruce_log":64,"minecraft:slime_ball":1,"minecraft:wooden_pickaxe":1,"minecraft:nether_quartz_ore":40,"minecraft:magma_cream":2},"minecraft:killed_by":{"minecraft:zombie":2,"minecraft:creeper":1,"minecraft:skeleton":1},"minecraft:killed":{"minecraft:shulker":39,"minecraft:skeleton":42,"minecraft:magma_cube":1,"minecraft:salmon":22,"minecraft:iron_golem":3,"minecraft:ender_dragon":1,"minecraft:pillager":2,"minecraft:zombie":58,"minecraft:cow":1,"minecraft:enderman":3942,"minecraft:zombified_piglin":5,"minecraft:spider":22,"minecraft:wither":1,"minecraft:piglin_brute":5,"minecraft:piglin":10,"minecraft:zombie_villager":1,"minecraft:creeper":22,"minecraft:sheep":8,"minecraft:ghast":7,"minecraft:blaze":26,"minecraft:armadillo":1,"minecraft:slime":16,"minecraft:phantom":12,"minecraft:drowned":5,"minecraft:hoglin":1,"minecraft:squid":4,"minecraft:wither_skeleton":54,"minecraft:villager":5},"minecraft:picked_up":{"minecraft:diamond_sword":6,"minecraft:oak_stairs":44,"minecraft:enchanted_book":6,"minecraft:brewing_stand":1,"minecraft:golden_sword":1,"minecraft:polished_deepslate":1364,"minecraft:string":43084,"minecraft:soul_soil":62,"minecraft:cooked_salmon":16,"minecraft:diamond_leggings":8,"minecraft:cobbled_deepslate":1029,"minecraft:gold_nugget":75,"minecraft:spruce_planks":31944,"minecraft:hopper_minecart":1,"minecraft:enchanted_golden_apple":1,"minecraft:spruce_pressure_plate":3,"minecraft:purpur_pillar":8,"minecraft:green_terracotta":10,"minecraft:cauldron":6,"minecraft:stone_sword":6,"minecraft:carved_pumpkin":35,"minecraft:iron_block":313,"minecraft:glowstone":47,"minecraft:end_rod":3,"minecraft:netherite_chestplate":1,"minecraft:blaze_rod":28,"minecraft:birch_log":101,"minecraft:magma_block":403,"minecraft:cooked_beef":3,"minecraft:water_bucket":7,"minecraft:flint":115,"minecraft:netherite_leggings":1,"minecraft:stonecutter":1,"minecraft:diamond_helmet":8,"minecraft:stripped_spruce_log":1,"minecraft:ink_sac":8,"minecraft:loom":1,"minecraft:red_terracotta":39,"minecraft:barrel":3,"minecraft:dispenser":103,"minecraft:deepslate":929,"minecraft:lever":30,"minecraft:deepslate_gold_ore":4,"minecraft:granite":657,"minecraft:spruce_button":1,"minecraft:diamond_pickaxe":17,"minecraft:spruce_leaves":104,"minecraft:crafting_table":6,"minecraft:nether_wart":18,"minecraft:dragon_head":1,"minecraft:purpur_block":10,"minecraft:elytra":12,"minecraft:flint_and_steel":1,"minecraft:white_carpet":2,"minecraft:glass_pane":10,"minecraft:cracked_stone_bricks":6,"minecraft:netherite_sword":1,"minecraft:iron_nugget":9,"minecraft:poppy":125,"minecraft:spruce_slab":4524,"minecraft:minecart":222,"minecraft:chest":70,"minecraft:birch_sapling":51,"minecraft:raw_copper_block":2,"minecraft:copper_ore":240,"minecraft:polished_deepslate_slab":2014,"minecraft:stone":12180,"minecraft:oak_door":1,"minecraft:spruce_fence":111,"minecraft:white_dye":15,"minecraft:carrot":15,"minecraft:redstone":872,"minecraft:netherite_pickaxe":2,"minecraft:tnt":1416,"minecraft:diamond_chestplate":2,"minecraft:peony":11,"minecraft:diamond_boots":7,"minecraft:hay_block":2,"minecraft:purpur_slab":5,"minecraft:gold_ingot":53,"minecraft:white_wool":6,"minecraft:rail":476,"minecraft:oxeye_daisy":2,"minecraft:lapis_ore":39,"minecraft:birch_leaves":6,"minecraft:tripwire_hook":6,"minecraft:yellow_dye":1,"minecraft:purpur_stairs":4,"minecraft:oak_log":666,"minecraft:ancient_debris":32,"minecraft:golden_boots":1,"minecraft:paper":2,"minecraft:stone_bricks":7,"minecraft:apple":169,"minecraft:kelp":362,"minecraft:oak_fence_gate":4,"minecraft:iron_ore":182,"minecraft:flowering_azalea":2,"minecraft:dark_oak_stairs":16,"minecraft:light_gray_stained_glass":5,"minecraft:gravel":404,"minecraft:spruce_sapling":1191,"minecraft:spruce_log":10146,"minecraft:oak_wood":2,"minecraft:firework_rocket":2211,"minecraft:diamond_shovel":7,"minecraft:coal_ore":730,"minecraft:slime_ball":1605,"minecraft:diamond_axe":10,"minecraft:deepslate_redstone_ore":6,"minecraft:gray_wool":1,"minecraft:hopper":1,"minecraft:ender_pearl":5160,"minecraft:shulker_shell":27,"minecraft:chiseled_deepslate":11,"minecraft:wheat":53,"minecraft:nether_brick_fence":7,"minecraft:redstone_block":24,"minecraft:ender_chest":30,"minecraft:potion":2,"minecraft:raw_copper":121,"minecraft:deepslate_lapis_ore":3,"minecraft:sticky_piston":10,"minecraft:comparator":1,"minecraft:bucket":17,"minecraft:redstone_torch":19,"minecraft:azalea":12,"minecraft:deepslate_iron_ore":20,"minecraft:furnace":4,"minecraft:stick":58067,"minecraft:orange_shulker_box":4,"minecraft:birch_trapdoor":6,"minecraft:oak_fence":247,"minecraft:torch":1352,"minecraft:spruce_stairs":18,"minecraft:netherite_shovel":1,"minecraft:pointed_dripstone":9,"minecraft:diorite":769,"minecraft:nether_gold_ore":10,"minecraft:cactus":217,"minecraft:rotten_flesh":142,"minecraft:deepslate_copper_ore":1,"minecraft:obsidian":105,"minecraft:cobblestone":3123,"minecraft:magma_cream":2,"minecraft:repeater":13,"minecraft:andesite":768,"minecraft:beacon":1,"minecraft:potato":1,"minecraft:tuff":32,"minecraft:wither_skeleton_skull":6,"minecraft:lapis_lazuli":98,"minecraft:dirt":4488,"minecraft:name_tag":5,"minecraft:glass":129,"minecraft:bone":325,"minecraft:bow":8,"minecraft:bell":5,"minecraft:wheat_seeds":236,"minecraft:cobbled_deepslate_slab":528,"minecraft:raw_gold":38,"minecraft:netherite_axe":1,"minecraft:mossy_stone_bricks":10,"minecraft:bamboo":148,"minecraft:powered_rail":382,"minecraft:oak_planks":561,"minecraft:ghast_tear":4,"minecraft:cooked_porkchop":5,"minecraft:oak_pressure_plate":35,"minecraft:sand":298,"minecraft:nether_brick_stairs":1,"minecraft:grass_block":4,"minecraft:shulker_box":116,"minecraft:mossy_cobblestone":11,"minecraft:netherite_helmet":1,"minecraft:slime_block":3,"minecraft:spruce_boat":7,"minecraft:diamond":236,"minecraft:cracked_polished_blackstone_bricks":19,"minecraft:crossbow":1,"minecraft:bone_meal":4,"minecraft:emerald":123,"minecraft:golden_apple":20,"minecraft:spruce_sign":7,"minecraft:oak_sapling":300,"minecraft:netherrack":6140,"minecraft:nether_star":1,"minecraft:oak_leaves":42,"minecraft:end_stone_bricks":22,"minecraft:azure_bluet":2,"minecraft:packed_ice":1277,"minecraft:gold_block":1,"minecraft:chain":3,"minecraft:oak_trapdoor":4,"minecraft:blackstone":260,"minecraft:detector_rail":4,"minecraft:oak_boat":2,"minecraft:observer":78,"minecraft:lectern":53,"minecraft:sugar_cane":1504,"minecraft:spruce_trapdoor":12,"minecraft:phantom_membrane":28,"minecraft:raw_iron":1195,"minecraft:end_stone":275,"minecraft:polished_blackstone_bricks":45,"minecraft:arrow":149,"minecraft:red_shulker_box":10,"minecraft:nether_bricks":133,"minecraft:netherite_boots":1,"minecraft:purple_dye":2,"minecraft:basalt":521,"minecraft:golden_carrot":301,"minecraft:glow_ink_sac":9,"minecraft:salmon":6,"minecraft:leather":5,"minecraft:birch_planks":38,"minecraft:ice":271,"minecraft:gunpowder":47,"minecraft:cobblestone_stairs":26,"minecraft:orange_terracotta":731,"minecraft:cooked_mutton":23,"minecraft:podzol":2,"minecraft:iron_ingot":180,"minecraft:soul_sand":39,"minecraft:book":3,"minecraft:emerald_block":3,"minecraft:nether_quartz_ore":40,"minecraft:quartz":185,"minecraft:dandelion":16,"minecraft:dripstone_block":6,"minecraft:lava_bucket":1,"minecraft:white_bed":23,"minecraft:gold_ore":13,"minecraft:spider_eye":25,"minecraft:pumpkin_seeds":4,"minecraft:terracotta":4200,"minecraft:damaged_anvil":1,"minecraft:coal":1426},"minecraft:mined":{"minecraft:dragon_wall_head":1,"minecraft:red_shulker_box":10,"minecraft:white_bed":11,"minecraft:obsidian":113,"minecraft:granite":1703,"minecraft:oak_pressure_plate":11,"minecraft:purpur_slab":5,"minecraft:oxeye_daisy":2,"minecraft:nether_wart":10,"minecraft:spawner":5,"minecraft:polished_blackstone_bricks":30,"minecraft:tall_seagrass":6,"minecraft:magma_block":423,"minecraft:fire":9,"minecraft:cobbled_deepslate":91,"minecraft:sticky_piston":7,"minecraft:barrel":3,"minecraft:deepslate_lapis_ore":3,"minecraft:nether_brick_stairs":1,"minecraft:polished_deepslate_slab":36,"minecraft:dirt_path":579,"minecraft:oak_stairs":173,"minecraft:spruce_pressure_plate":3,"minecraft:iron_block":170,"minecraft:tripwire":18,"minecraft:piston_head":3,"minecraft:kelp_plant":2,"minecraft:torch":25,"minecraft:dead_bush":11,"minecraft:spruce_wall_sign":1,"minecraft:glass":37,"minecraft:damaged_anvil":1,"minecraft:sugar_cane":817,"minecraft:birch_sapling":13,"minecraft:chain":3,"minecraft:repeater":12,"minecraft:light_gray_stained_glass":5,"minecraft:oak_fence_gate":3,"minecraft:loom":1,"minecraft:stonecutter":1,"minecraft:deepslate":1670,"minecraft:yellow_terracotta":3,"minecraft:mossy_cobblestone":15,"minecraft:end_stone":240,"minecraft:shulker_box":114,"minecraft:nether_bricks":138,"minecraft:cobbled_deepslate_slab":1,"minecraft:spruce_fence":30,"minecraft:orange_shulker_box":4,"minecraft:redstone_wire":11,"minecraft:kelp":10,"minecraft:redstone_ore":8,"minecraft:andesite":2709,"minecraft:green_terracotta":14,"minecraft:rail":373,"minecraft:bamboo":40,"minecraft:white_wool":6,"minecraft:ender_chest":19,"minecraft:oak_slab":27,"minecraft:redstone_block":2,"minecraft:glass_pane":24,"minecraft:comparator":1,"minecraft:soul_sand":92,"minecraft:observer":14,"minecraft:dandelion":8,"minecraft:short_grass":72,"minecraft:spruce_button":1,"minecraft:purpur_pillar":8,"minecraft:copper_ore":254,"minecraft:deepslate_gold_ore":4,"minecraft:diorite":2087,"minecraft:red_terracotta":77,"minecraft:spruce_log":389,"minecraft:birch_leaves":1,"minecraft:gravel":1024,"minecraft:dripstone_block":6,"minecraft:stone_bricks":4,"minecraft:gold_ore":17,"minecraft:infested_stone":10,"minecraft:spruce_planks":139,"minecraft:farmland":81,"minecraft:oak_sapling":39,"minecraft:cobblestone_stairs":5,"minecraft:brewing_stand":1,"minecraft:spruce_trapdoor":12,"minecraft:grass_block":4402,"minecraft:cracked_polished_blackstone_bricks":20,"minecraft:soul_soil":24,"minecraft:glowstone":55,"minecraft:iron_ore":591,"minecraft:dark_oak_stairs":5,"minecraft:pointed_dripstone":8,"minecraft:azalea_leaves":3,"minecraft:azalea":3,"minecraft:end_stone_bricks":22,"minecraft:spruce_slab":281,"minecraft:deepslate_redstone_ore":7,"minecraft:blackstone":260,"minecraft:orange_terracotta":783,"minecraft:purpur_stairs":5,"minecraft:poppy":1,"minecraft:beacon":1,"minecraft:chest":17,"minecraft:nether_quartz_ore":119,"minecraft:cobblestone":451,"minecraft:slime_block":3,"minecraft:oak_planks":643,"minecraft:wall_torch":5,"minecraft:cauldron":6,"minecraft:deepslate_copper_ore":7,"minecraft:powered_rail":276,"minecraft:yellow_wool":9,"minecraft:birch_log":31,"minecraft:birch_trapdoor":6,"minecraft:tnt":1,"minecraft:purpur_block":13,"minecraft:oak_log":216,"minecraft:sand":458,"minecraft:dirt":3593,"minecraft:ancient_debris":34,"minecraft:tripwire_hook":3,"minecraft:raw_copper_block":2,"minecraft:dispenser":7,"minecraft:netherrack":12206,"minecraft:oak_leaves":29,"minecraft:emerald_block":3,"minecraft:nether_gold_ore":21,"minecraft:diamond_ore":6,"minecraft:tuff":54,"minecraft:deepslate_diamond_ore":1,"minecraft:oak_door":3,"minecraft:lever":22,"minecraft:spruce_leaves":62,"minecraft:hay_block":2,"minecraft:oak_trapdoor":10,"minecraft:spruce_sapling":5,"minecraft:furnace":4,"minecraft:carrots":3,"minecraft:chiseled_deepslate":11,"minecraft:detector_rail":3,"minecraft:peony":10,"minecraft:gold_block":1,"minecraft:bell":5,"minecraft:nether_brick_fence":8,"minecraft:polished_deepslate":2,"minecraft:bookshelf":1,"minecraft:deepslate_iron_ore":33,"minecraft:packed_ice":1340,"minecraft:stone":32118,"minecraft:yellow_shulker_box":2,"minecraft:podzol":423,"minecraft:basalt":447,"minecraft:oak_fence":52,"minecraft:crafting_table":8,"minecraft:oak_wood":2,"minecraft:lectern":53,"minecraft:deepslate_coal_ore":7,"minecraft:lapis_ore":33,"minecraft:polished_blackstone_brick_stairs":1,"minecraft:spruce_stairs":15,"minecraft:birch_planks":40,"minecraft:cactus":114,"minecraft:redstone_torch":18,"minecraft:ice":252,"minecraft:coal_ore":1073,"minecraft:end_rod":1,"minecraft:cracked_stone_bricks":6,"minecraft:terracotta":4324,"minecraft:mossy_stone_bricks":11}},"DataVersion":3839}