{"stats":{"minecraft:dropped":{"minecraft:soul_sand":1,"minecraft:birch_planks":16,"minecraft:diamond_axe":2,"minecraft:glow_ink_sac":6,"minecraft:cooked_beef":3,"minecraft:oak_log":24,"minecraft:ender_pearl":3450,"minecraft:crossbow":1,"minecraft:leather":3,"minecraft:rail":128,"minecraft:emerald":96,"minecraft:flint":15,"minecraft:spruce_leaves":86,"minecraft:dirt":2000,"minecraft:ice":30,"minecraft:raw_copper_block":2,"minecraft:dispenser":142,"minecraft:cornflower":3,"minecraft:gold_nugget":11,"minecraft:sand":128,"minecraft:birch_log":17,"minecraft:gold_ingot":4,"minecraft:bone":65,"minecraft:gravel":389,"minecraft:emerald_block":21,"minecraft:blackstone":24,"minecraft:sugar_cane":4,"minecraft:cobbled_deepslate":105,"minecraft:wheat":53,"minecraft:birch_sapling":11,"minecraft:obsidian":20,"minecraft:pointed_dripstone":1,"minecraft:rotten_flesh":77,"minecraft:oak_planks":11,"minecraft:end_stone":124,"minecraft:cooked_mutton":23,"minecraft:nether_brick_fence":6,"minecraft:azure_bluet":2,"minecraft:carrot":1,"minecraft:salmon":6,"minecraft:poppy":2,"minecraft:gunpowder":16,"minecraft:deepslate_copper_ore":1,"minecraft:coal_ore":20,"minecraft:chest":55,"minecraft:iron_ore":64,"minecraft:spruce_slab":6209,"minecraft:arrow":46,"minecraft:basalt":17,"minecraft:powered_rail":507,"minecraft:quartz":2,"minecraft:oak_leaves":1,"minecraft:netherrack":710,"minecraft:golden_boots":1,"minecraft:enchanted_book":2,"minecraft:water_bucket":2,"minecraft:iron_ingot":14,"minecraft:birch_leaves":2,"minecraft:wheat_seeds":265,"minecraft:deepslate_iron_ore":1,"minecraft:dripstone_block":6,"minecraft:oak_fence":29,"minecraft:cobblestone":4797,"minecraft:book":2,"minecraft:observer":109,"minecraft:apple":2,"minecraft:granite":446,"minecraft:spruce_stairs":3,"minecraft:coal":204,"minecraft:stick":60153,"minecraft:oxeye_daisy":2,"minecraft:iron_block":24,"minecraft:diorite":1086,"minecraft:nether_gold_ore":10,"minecraft:golden_carrot":48,"minecraft:torch":768,"minecraft:cooked_salmon":12,"minecraft:lapis_ore":17,"minecraft:string":172,"minecraft:bucket":3,"minecraft:spruce_sapling":277,"minecraft:redstone_block":26,"minecraft:polished_deepslate":1363,"minecraft:dandelion":8,"minecraft:redstone":43,"minecraft:stone_sword":1,"minecraft:blaze_rod":6,"minecraft:deepslate":512,"minecraft:tuff":24,"minecraft:white_carpet":14,"minecraft:polished_deepslate_slab":2015,"minecraft:spruce_fence":82,"minecraft:shulker_box":4,"minecraft:pumpkin_seeds":4,"minecraft:copper_ore":39,"minecraft:spruce_boat":1,"minecraft:stone":7466,"minecraft:spruce_planks":32792,"minecraft:diamond_pickaxe":2,"minecraft:andesite":720,"minecraft:mossy_stone_bricks":1,"minecraft:oak_sapling":23,"minecraft:carved_pumpkin":13,"minecraft:golden_sword":1,"minecraft:spider_eye":12,"minecraft:spruce_log":64,"minecraft:bow":9,"minecraft:wooden_pickaxe":1,"minecraft:nether_quartz_ore":6,"minecraft:magma_cream":2},"minecraft:picked_up":{"minecraft:shulker_shell":27,"minecraft:chiseled_deepslate":11,"minecraft:wheat":53,"minecraft:nether_brick_fence":6,"minecraft:redstone_block":23,"minecraft:ender_chest":18,"minecraft:diamond_sword":5,"minecraft:oak_stairs":44,"minecraft:potion":2,"minecraft:enchanted_book":6,"minecraft:brewing_stand":1,"minecraft:golden_sword":1,"minecraft:polished_deepslate":1364,"minecraft:raw_copper":54,"minecraft:string":42694,"minecraft:soul_soil":31,"minecraft:cooked_salmon":16,"minecraft:deepslate_lapis_ore":3,"minecraft:diamond_leggings":7,"minecraft:gold_nugget":11,"minecraft:cobbled_deepslate":1017,"minecraft:comparator":1,"minecraft:bucket":4,"minecraft:spruce_planks":31517,"minecraft:redstone_torch":4,"minecraft:hopper_minecart":1,"minecraft:enchanted_golden_apple":1,"minecraft:deepslate_iron_ore":20,"minecraft:stick":57727,"minecraft:birch_trapdoor":6,"minecraft:oak_fence":247,"minecraft:torch":1326,"minecraft:purpur_pillar":8,"minecraft:pointed_dripstone":9,"minecraft:diorite":763,"minecraft:cauldron":6,"minecraft:nether_gold_ore":10,"minecraft:stone_sword":1,"minecraft:rotten_flesh":100,"minecraft:carved_pumpkin":35,"minecraft:iron_block":128,"minecraft:end_rod":3,"minecraft:deepslate_copper_ore":1,"minecraft:blaze_rod":6,"minecraft:obsidian":20,"minecraft:cobblestone":2961,"minecraft:birch_log":20,"minecraft:magma_block":393,"minecraft:cooked_beef":3,"minecraft:repeater":13,"minecraft:magma_cream":2,"minecraft:water_bucket":7,"minecraft:andesite":656,"minecraft:flint":32,"minecraft:tuff":31,"minecraft:wither_skeleton_skull":3,"minecraft:lapis_lazuli":34,"minecraft:dirt":1823,"minecraft:name_tag":5,"minecraft:glass":3,"minecraft:bone":131,"minecraft:cobbled_deepslate_slab":528,"minecraft:bow":7,"minecraft:wheat_seeds":228,"minecraft:bell":5,"minecraft:raw_gold":6,"minecraft:diamond_helmet":7,"minecraft:mossy_stone_bricks":1,"minecraft:powered_rail":148,"minecraft:oak_planks":239,"minecraft:oak_pressure_plate":10,"minecraft:sand":124,"minecraft:stripped_spruce_log":1,"minecraft:ink_sac":8,"minecraft:loom":1,"minecraft:grass_block":1,"minecraft:barrel":2,"minecraft:shulker_box":78,"minecraft:mossy_cobblestone":9,"minecraft:dispenser":103,"minecraft:deepslate":929,"minecraft:diamond":14,"minecraft:spruce_boat":6,"minecraft:lever":9,"minecraft:deepslate_gold_ore":4,"minecraft:crossbow":1,"minecraft:granite":529,"minecraft:bone_meal":4,"minecraft:spruce_sign":1,"minecraft:golden_apple":12,"minecraft:spruce_button":1,"minecraft:emerald":120,"minecraft:oak_sapling":8,"minecraft:netherrack":2073,"minecraft:diamond_pickaxe":16,"minecraft:end_stone_bricks":22,"minecraft:spruce_leaves":100,"minecraft:azure_bluet":2,"minecraft:packed_ice":1277,"minecraft:dragon_head":1,"minecraft:purpur_block":10,"minecraft:oak_trapdoor":4,"minecraft:elytra":10,"minecraft:white_carpet":2,"minecraft:blackstone":26,"minecraft:observer":76,"minecraft:poppy":4,"minecraft:spruce_slab":4509,"minecraft:lectern":1,"minecraft:sugar_cane":1165,"minecraft:chest":67,"minecraft:birch_sapling":6,"minecraft:spruce_trapdoor":12,"minecraft:phantom_membrane":28,"minecraft:raw_copper_block":2,"minecraft:copper_ore":213,"minecraft:raw_iron":1195,"minecraft:end_stone":240,"minecraft:polished_deepslate_slab":2014,"minecraft:stone":9121,"minecraft:oak_door":1,"minecraft:spruce_fence":87,"minecraft:white_dye":15,"minecraft:carrot":2,"minecraft:redstone":872,"minecraft:arrow":102,"minecraft:diamond_chestplate":2,"minecraft:nether_bricks":63,"minecraft:diamond_boots":6,"minecraft:hay_block":2,"minecraft:purpur_slab":5,"minecraft:gold_ingot":16,"minecraft:rail":99,"minecraft:white_wool":6,"minecraft:oxeye_daisy":2,"minecraft:lapis_ore":39,"minecraft:birch_leaves":2,"minecraft:purple_dye":2,"minecraft:basalt":56,"minecraft:glow_ink_sac":6,"minecraft:golden_carrot":204,"minecraft:tripwire_hook":6,"minecraft:salmon":6,"minecraft:leather":3,"minecraft:ice":271,"minecraft:purpur_stairs":4,"minecraft:oak_log":165,"minecraft:golden_boots":1,"minecraft:gunpowder":42,"minecraft:paper":2,"minecraft:cooked_mutton":23,"minecraft:apple":90,"minecraft:stone_bricks":1,"minecraft:kelp":22,"minecraft:oak_fence_gate":4,"minecraft:iron_ingot":44,"minecraft:iron_ore":159,"minecraft:soul_sand":29,"minecraft:nether_quartz_ore":6,"minecraft:quartz":106,"minecraft:dandelion":9,"minecraft:dripstone_block":6,"minecraft:gravel":295,"minecraft:spruce_sapling":1185,"minecraft:white_bed":4,"minecraft:spruce_log":9849,"minecraft:gold_ore":13,"minecraft:spider_eye":17,"minecraft:pumpkin_seeds":4,"minecraft:firework_rocket":172,"minecraft:diamond_shovel":6,"minecraft:coal_ore":581,"minecraft:slime_ball":223,"minecraft:diamond_axe":9,"minecraft:deepslate_redstone_ore":6,"minecraft:gray_wool":1,"minecraft:damaged_anvil":1,"minecraft:coal":1141,"minecraft:ender_pearl":3650},"minecraft:killed_by":{"minecraft:creeper":1,"minecraft:zombie":2,"minecraft:skeleton":1},"minecraft:used":{"minecraft:polished_deepslate":2,"minecraft:chiseled_deepslate":523,"minecraft:spruce_slab":6476,"minecraft:dispenser":52,"minecraft:elytra":50,"minecraft:chest":70,"minecraft:shield":17,"minecraft:stone":1545,"minecraft:bell":4,"minecraft:spruce_leaves":1,"minecraft:soul_sand":10,"minecraft:nether_bricks":63,"minecraft:tuff":6,"minecraft:obsidian":10,"minecraft:spruce_boat":6,"minecraft:glass":51,"minecraft:lava_bucket":33,"minecraft:coal_ore":372,"minecraft:grass_block":1,"minecraft:hopper_minecart":3,"minecraft:birch_trapdoor":6,"minecraft:repeater":54,"minecraft:magma_block":22,"minecraft:bow":71,"minecraft:diorite":2,"minecraft:mossy_stone_bricks":4,"minecraft:end_stone_bricks":3,"minecraft:damaged_anvil":1,"minecraft:diamond_boots":2,"minecraft:dropper":4,"minecraft:wither_skeleton_skull":3,"minecraft:powered_rail":107,"minecraft:oak_planks":122,"minecraft:ender_pearl":29,"minecraft:redstone_block":17,"minecraft:diamond_axe":1624,"minecraft:sugar_cane":71,"minecraft:purpur_pillar":1,"minecraft:golden_apple":2,"minecraft:loom":2,"minecraft:end_stone":51,"minecraft:shears":161,"minecraft:redstone_torch":6,"minecraft:lever":14,"minecraft:firework_rocket":574,"minecraft:string":302,"minecraft:oak_pressure_plate":22,"minecraft:deepslate":187,"minecraft:diamond_sword":1104,"minecraft:ice":114,"minecraft:andesite":67,"minecraft:birch_log":3,"minecraft:experience_bottle":42,"minecraft:purpur_block":1,"minecraft:iron_bars":1,"minecraft:flint_and_steel":1,"minecraft:carved_pumpkin":22,"minecraft:redstone":188,"minecraft:spruce_planks":2194,"minecraft:ender_chest":7,"minecraft:netherrack":797,"minecraft:torch":926,"minecraft:dirt":1319,"minecraft:anvil":1,"minecraft:white_carpet":2,"minecraft:hopper":8,"minecraft:diamond_helmet":1,"minecraft:shulker_box":80,"minecraft:spruce_fence":206,"minecraft:granite":87,"minecraft:oak_fence_gate":5,"minecraft:iron_block":104,"minecraft:spruce_button":2,"minecraft:barrel":3,"minecraft:diamond_chestplate":47,"minecraft:tripwire_hook":12,"minecraft:golden_carrot":203,"minecraft:minecart":1,"minecraft:cobbled_deepslate":806,"minecraft:observer":56,"minecraft:pointed_dripstone":7,"minecraft:water_bucket":317,"minecraft:iron_ore":89,"minecraft:cobblestone_stairs":1,"minecraft:birch_planks":8,"minecraft:spruce_sign":2,"minecraft:cauldron":6,"minecraft:stonecutter":1,"minecraft:polished_deepslate_slab":1564,"minecraft:rail":31,"minecraft:comparator":3,"minecraft:crafting_table":2,"minecraft:white_bed":3,"minecraft:spruce_log":180,"minecraft:oak_log":1,"minecraft:ender_eye":15,"minecraft:diamond_pickaxe":41663,"minecraft:apple":1,"minecraft:diamond_shovel":4262,"minecraft:spruce_trapdoor":120,"minecraft:spruce_sapling":5,"minecraft:cobblestone":323,"minecraft:cobbled_deepslate_slab":258,"minecraft:bucket":365,"minecraft:glass_pane":1,"minecraft:kelp":10,"minecraft:diamond_leggings":2},"minecraft:crafted":{"minecraft:black_dye":8,"minecraft:oak_planks":284,"minecraft:barrel":1,"minecraft:oak_pressure_plate":37,"minecraft:loom":1,"minecraft:cobblestone_stairs":4,"minecraft:lever":5,"minecraft:diamond_shovel":1,"minecraft:flower_banner_pattern":1,"minecraft:shulker_box":8,"minecraft:iron_bars":16,"minecraft:glass":70,"minecraft:hopper":10,"minecraft:repeater":17,"minecraft:diamond_leggings":1,"minecraft:bow":78,"minecraft:comparator":2,"minecraft:chest":109,"minecraft:black_wool":6,"minecraft:emerald":3370,"minecraft:diamond_axe":1,"minecraft:crafting_table":2,"minecraft:spruce_planks":45764,"minecraft:mojang_banner_pattern":1,"minecraft:hopper_minecart":2,"minecraft:birch_planks":28,"minecraft:polished_deepslate_slab":2554,"minecraft:dispenser":91,"minecraft:spruce_trapdoor":136,"minecraft:chiseled_deepslate":327,"minecraft:paper":277,"minecraft:emerald_block":45,"minecraft:diamond_pickaxe":1,"minecraft:shield":1,"minecraft:stick":74208,"minecraft:iron_ingot":340,"minecraft:iron_block":3,"minecraft:redstone_torch":43,"minecraft:shears":3,"minecraft:golden_carrot":186,"minecraft:cobbled_deepslate_slab":384,"minecraft:redstone":2140,"minecraft:tripwire_hook":10,"minecraft:experience_bottle":42,"minecraft:spruce_button":2,"minecraft:spruce_fence":201,"minecraft:glass_pane":16,"minecraft:polished_deepslate":1240,"minecraft:spruce_slab":8028,"minecraft:diamond_boots":1,"minecraft:spruce_boat":2,"minecraft:redstone_block":64,"minecraft:minecart":3,"minecraft:observer":93,"minecraft:red_dye":2,"minecraft:diamond_sword":1,"minecraft:spruce_sign":3,"minecraft:black_banner":1,"minecraft:bucket":21,"minecraft:enchanted_book":30,"minecraft:air":0,"minecraft:oak_fence_gate":5,"minecraft:stonecutter":1,"minecraft:anvil":1,"minecraft:torch":1928,"minecraft:diamond_chestplate":1,"minecraft:firework_rocket":828},"minecraft:custom":{"minecraft:interact_with_crafting_table":148,"minecraft:open_barrel":1,"minecraft:open_shulker_box":330,"minecraft:bell_ring":13,"minecraft:leave_game":54,"minecraft:time_since_death":25199,"minecraft:sprint_one_cm":2617273,"minecraft:damage_blocked_by_shield":911,"minecraft:drop":23309,"minecraft:talked_to_villager":393,"minecraft:play_time":1438604,"minecraft:deaths":8,"minecraft:jump":11453,"minecraft:walk_on_water_one_cm":249010,"minecraft:interact_with_furnace":16,"minecraft:traded_with_villager":4529,"minecraft:interact_with_loom":10,"minecraft:sleep_in_bed":22,"minecraft:open_enderchest":70,"minecraft:damage_dealt":50249,"minecraft:crouch_one_cm":632179,"minecraft:use_cauldron":19,"minecraft:inspect_dispenser":46,"minecraft:inspect_dropper":7,"minecraft:mob_kills":3435,"minecraft:interact_with_anvil":42,"minecraft:inspect_hopper":17,"minecraft:climb_one_cm":3015,"minecraft:walk_one_cm":4361015,"minecraft:sneak_time":129990,"minecraft:walk_under_water_one_cm":129466,"minecraft:boat_one_cm":30452,"minecraft:interact_with_blast_furnace":52,"minecraft:total_world_time":1438604,"minecraft:interact_with_grindstone":5,"minecraft:interact_with_stonecutter":5,"minecraft:time_since_rest":22606,"minecraft:damage_taken":16831,"minecraft:damage_absorbed":40,"minecraft:swim_one_cm":113712,"minecraft:fly_one_cm":5795122,"minecraft:open_chest":1330,"minecraft:aviate_one_cm":12142079,"minecraft:fall_one_cm":453170},"minecraft:killed":{"minecraft:zombified_piglin":4,"minecraft:spider":13,"minecraft:shulker":39,"minecraft:skeleton":32,"minecraft:magma_cube":1,"minecraft:piglin":1,"minecraft:zombie_villager":1,"minecraft:salmon":22,"minecraft:ender_dragon":1,"minecraft:creeper":16,"minecraft:sheep":8,"minecraft:pillager":2,"minecraft:zombie":33,"minecraft:ghast":4,"minecraft:blaze":9,"minecraft:cow":1,"minecraft:slime":16,"minecraft:phantom":12,"minecraft:drowned":2,"minecraft:squid":4,"minecraft:wither_skeleton":17,"minecraft:villager":1,"minecraft:enderman":3178},"minecraft:mined":{"minecraft:dragon_wall_head":1,"minecraft:spruce_planks":120,"minecraft:white_bed":4,"minecraft:oak_sapling":1,"minecraft:farmland":81,"minecraft:cobblestone_stairs":5,"minecraft:brewing_stand":1,"minecraft:obsidian":23,"minecraft:spruce_trapdoor":12,"minecraft:granite":1607,"minecraft:grass_block":1166,"minecraft:oak_pressure_plate":11,"minecraft:soul_soil":24,"minecraft:purpur_slab":5,"minecraft:oxeye_daisy":2,"minecraft:spawner":3,"minecraft:tall_seagrass":6,"minecraft:magma_block":410,"minecraft:iron_ore":568,"minecraft:barrel":2,"minecraft:cobbled_deepslate":90,"minecraft:deepslate_lapis_ore":3,"minecraft:pointed_dripstone":8,"minecraft:polished_deepslate_slab":36,"minecraft:dirt_path":487,"minecraft:oak_stairs":173,"minecraft:end_stone_bricks":22,"minecraft:iron_block":4,"minecraft:spruce_slab":273,"minecraft:tripwire":11,"minecraft:deepslate_redstone_ore":7,"minecraft:blackstone":27,"minecraft:kelp_plant":2,"minecraft:purpur_stairs":5,"minecraft:torch":21,"minecraft:poppy":1,"minecraft:chest":14,"minecraft:spruce_wall_sign":1,"minecraft:nether_quartz_ore":54,"minecraft:glass":5,"minecraft:cobblestone":447,"minecraft:damaged_anvil":1,"minecraft:sugar_cane":639,"minecraft:oak_planks":172,"minecraft:wall_torch":5,"minecraft:cauldron":6,"minecraft:deepslate_copper_ore":7,"minecraft:birch_sapling":3,"minecraft:repeater":12,"minecraft:powered_rail":41,"minecraft:yellow_wool":9,"minecraft:birch_log":9,"minecraft:birch_trapdoor":6,"minecraft:purpur_block":13,"minecraft:oak_log":166,"minecraft:oak_fence_gate":3,"minecraft:loom":1,"minecraft:sand":360,"minecraft:dirt":1081,"minecraft:tripwire_hook":3,"minecraft:raw_copper_block":2,"minecraft:dispenser":7,"minecraft:netherrack":2457,"minecraft:oak_leaves":11,"minecraft:deepslate":1670,"minecraft:nether_gold_ore":10,"minecraft:diamond_ore":6,"minecraft:tuff":54,"minecraft:mossy_cobblestone":14,"minecraft:deepslate_diamond_ore":1,"minecraft:oak_door":3,"minecraft:end_stone":220,"minecraft:shulker_box":79,"minecraft:lever":7,"minecraft:nether_bricks":67,"minecraft:cobbled_deepslate_slab":1,"minecraft:spruce_fence":6,"minecraft:redstone_wire":11,"minecraft:spruce_leaves":60,"minecraft:kelp":10,"minecraft:hay_block":2,"minecraft:redstone_ore":8,"minecraft:oak_trapdoor":10,"minecraft:spruce_sapling":5,"minecraft:andesite":2699,"minecraft:chiseled_deepslate":11,"minecraft:bell":5,"minecraft:nether_brick_fence":7,"minecraft:polished_deepslate":2,"minecraft:rail":36,"minecraft:deepslate_iron_ore":33,"minecraft:packed_ice":1340,"minecraft:stone":25839,"minecraft:white_wool":6,"minecraft:ender_chest":10,"minecraft:podzol":418,"minecraft:oak_slab":27,"minecraft:redstone_block":1,"minecraft:glass_pane":10,"minecraft:comparator":1,"minecraft:soul_sand":82,"minecraft:basalt":56,"minecraft:observer":12,"minecraft:dandelion":1,"minecraft:oak_fence":52,"minecraft:short_grass":48,"minecraft:spruce_button":1,"minecraft:lectern":1,"minecraft:purpur_pillar":8,"minecraft:copper_ore":244,"minecraft:deepslate_coal_ore":7,"minecraft:deepslate_gold_ore":4,"minecraft:lapis_ore":33,"minecraft:diorite":2054,"minecraft:birch_planks":3,"minecraft:redstone_torch":3,"minecraft:ice":252,"minecraft:spruce_log":275,"minecraft:coal_ore":939,"minecraft:end_rod":1,"minecraft:gravel":621,"minecraft:dripstone_block":6,"minecraft:stone_bricks":1,"minecraft:gold_ore":13,"minecraft:infested_stone":10}},"DataVersion":3839}