{"stats":{"minecraft:custom":{"minecraft:interact_with_crafting_table":207,"minecraft:open_barrel":1,"minecraft:bell_ring":13,"minecraft:leave_game":69,"minecraft:time_since_death":139093,"minecraft:damage_blocked_by_shield":911,"minecraft:play_time":2090905,"minecraft:deaths":9,"minecraft:jump":16091,"minecraft:interact_with_furnace":22,"minecraft:traded_with_villager":6222,"minecraft:sleep_in_bed":38,"minecraft:damage_dealt":65203,"minecraft:use_cauldron":23,"minecraft:inspect_dispenser":63,"minecraft:interact_with_smithing_table":20,"minecraft:inspect_dropper":7,"minecraft:interact_with_anvil":44,"minecraft:inspect_hopper":19,"minecraft:sneak_time":181819,"minecraft:interact_with_blast_furnace":77,"minecraft:total_world_time":2090905,"minecraft:interact_with_stonecutter":5,"minecraft:time_since_rest":139130,"minecraft:swim_one_cm":119407,"minecraft:fly_one_cm":6448725,"minecraft:open_chest":1698,"minecraft:fall_one_cm":647873,"minecraft:open_shulker_box":624,"minecraft:sprint_one_cm":3954756,"minecraft:drop":24815,"minecraft:talked_to_villager":556,"minecraft:walk_on_water_one_cm":390718,"minecraft:interact_with_loom":11,"minecraft:open_enderchest":124,"minecraft:crouch_one_cm":843720,"minecraft:mob_kills":4142,"minecraft:fill_cauldron":1,"minecraft:climb_one_cm":3279,"minecraft:walk_one_cm":6367598,"minecraft:walk_under_water_one_cm":143876,"minecraft:boat_one_cm":59245,"minecraft:interact_with_grindstone":5,"minecraft:damage_taken":26160,"minecraft:damage_absorbed":40,"minecraft:minecart_one_cm":0,"minecraft:aviate_one_cm":23672271},"minecraft:dropped":{"minecraft:cooked_beef":3,"minecraft:glow_ink_sac":9,"minecraft:diamond":82,"minecraft:cooked_porkchop":5,"minecraft:crossbow":1,"minecraft:rail":386,"minecraft:emerald":103,"minecraft:dirt":3064,"minecraft:raw_copper_block":2,"minecraft:chain":20,"minecraft:gold_nugget":78,"minecraft:sand":159,"minecraft:white_wool":1,"minecraft:bone":159,"minecraft:emerald_block":21,"minecraft:sugar_cane":4,"minecraft:lever":1,"minecraft:detector_rail":7,"minecraft:cobbled_deepslate":127,"minecraft:birch_sapling":55,"minecraft:wheat":53,"minecraft:obsidian":20,"minecraft:rotten_flesh":113,"minecraft:oak_planks":306,"minecraft:end_stone":124,"minecraft:nether_brick_fence":6,"minecraft:azure_bluet":2,"minecraft:white_bed":23,"minecraft:salmon":6,"minecraft:deepslate_copper_ore":1,"minecraft:coal_ore":20,"minecraft:spruce_slab":6249,"minecraft:glass":2,"minecraft:enchanted_book":2,"minecraft:golden_boots":1,"minecraft:iron_ingot":16,"minecraft:wheat_seeds":268,"minecraft:birch_leaves":5,"minecraft:tnt":1415,"minecraft:dripstone_block":6,"minecraft:oak_fence":29,"minecraft:cobblestone":4845,"minecraft:book":2,"minecraft:apple":46,"minecraft:granite":446,"minecraft:coal":204,"minecraft:oxeye_daisy":2,"minecraft:golden_carrot":48,"minecraft:cooked_salmon":12,"minecraft:lapis_ore":17,"minecraft:red_dye":1,"minecraft:string":268,"minecraft:spruce_sapling":277,"minecraft:stone_sword":1,"minecraft:deepslate":512,"minecraft:white_carpet":21,"minecraft:polished_deepslate_slab":2015,"minecraft:spruce_fence":135,"minecraft:shears":1,"minecraft:pumpkin_seeds":4,"minecraft:potato":1,"minecraft:spruce_boat":1,"minecraft:stone":8357,"minecraft:peony":11,"minecraft:spruce_planks":32865,"minecraft:diamond_pickaxe":2,"minecraft:carved_pumpkin":13,"minecraft:redstone_torch":1,"minecraft:spider_eye":16,"minecraft:bow":10,"minecraft:magma_block":10,"minecraft:soul_sand":1,"minecraft:birch_planks":25,"minecraft:diamond_axe":2,"minecraft:oak_log":24,"minecraft:ender_pearl":4829,"minecraft:netherite_upgrade_smithing_template":9,"minecraft:leather":5,"minecraft:flint":15,"minecraft:spruce_leaves":86,"minecraft:cracked_polished_blackstone_bricks":19,"minecraft:ice":30,"minecraft:netherite_scrap":6,"minecraft:dispenser":142,"minecraft:cornflower":3,"minecraft:polished_blackstone_bricks":45,"minecraft:birch_log":17,"minecraft:gold_ingot":4,"minecraft:gravel":451,"minecraft:blackstone":166,"minecraft:pointed_dripstone":1,"minecraft:cooked_mutton":23,"minecraft:carrot":9,"minecraft:poppy":448,"minecraft:gunpowder":21,"minecraft:spruce_pressure_plate":11,"minecraft:chest":55,"minecraft:iron_ore":64,"minecraft:basalt":19,"minecraft:arrow":69,"minecraft:powered_rail":627,"minecraft:quartz":66,"minecraft:oak_leaves":23,"minecraft:netherrack":2879,"minecraft:firework_rocket":1963,"minecraft:water_bucket":2,"minecraft:deepslate_iron_ore":1,"minecraft:minecart":54,"minecraft:observer":109,"minecraft:spruce_stairs":6,"minecraft:stick":60308,"minecraft:iron_block":24,"minecraft:nether_gold_ore":10,"minecraft:diorite":1094,"minecraft:torch":800,"minecraft:bucket":3,"minecraft:redstone_block":26,"minecraft:dandelion":8,"minecraft:redstone":43,"minecraft:polished_deepslate":1363,"minecraft:blaze_rod":6,"minecraft:tuff":24,"minecraft:shulker_box":7,"minecraft:glass_pane":2,"minecraft:flint_and_steel":1,"minecraft:copper_ore":64,"minecraft:andesite":720,"minecraft:mossy_stone_bricks":1,"minecraft:oak_boat":2,"minecraft:oak_sapling":175,"minecraft:golden_sword":1,"minecraft:spruce_log":64,"minecraft:slime_ball":1,"minecraft:wooden_pickaxe":1,"minecraft:nether_quartz_ore":40,"minecraft:magma_cream":2},"minecraft:used":{"minecraft:chiseled_deepslate":523,"minecraft:spruce_slab":6836,"minecraft:dispenser":52,"minecraft:elytra":64,"minecraft:chest":86,"minecraft:stone":1563,"minecraft:soul_sand":10,"minecraft:spruce_boat":7,"minecraft:packed_ice":77,"minecraft:lava_bucket":48,"minecraft:grass_block":1,"minecraft:orange_shulker_box":3,"minecraft:bow":148,"minecraft:mossy_stone_bricks":4,"minecraft:diorite":2,"minecraft:damaged_anvil":1,"minecraft:end_stone_bricks":3,"minecraft:powered_rail":481,"minecraft:purpur_pillar":1,"minecraft:golden_apple":2,"minecraft:lectern":52,"minecraft:oak_pressure_plate":22,"minecraft:diamond_sword":1294,"minecraft:birch_log":3,"minecraft:ice":114,"minecraft:oak_boat":2,"minecraft:iron_bars":1,"minecraft:carved_pumpkin":22,"minecraft:netherrack":1374,"minecraft:torch":1145,"minecraft:anvil":1,"minecraft:oak_fence_gate":5,"minecraft:red_shulker_box":6,"minecraft:iron_block":104,"minecraft:slime_block":3,"minecraft:spruce_button":7,"minecraft:barrel":3,"minecraft:diamond_chestplate":60,"minecraft:tripwire_hook":12,"minecraft:cobbled_deepslate":807,"minecraft:observer":57,"minecraft:pointed_dripstone":7,"minecraft:water_bucket":377,"minecraft:birch_planks":12,"minecraft:yellow_shulker_box":2,"minecraft:cauldron":6,"minecraft:polished_deepslate_slab":1564,"minecraft:rail":423,"minecraft:comparator":13,"minecraft:tnt":317,"minecraft:crafting_table":6,"minecraft:white_bed":18,"minecraft:spruce_log":181,"minecraft:oak_log":1,"minecraft:ender_eye":15,"minecraft:diamond_pickaxe":52283,"minecraft:diamond_shovel":9590,"minecraft:spruce_pressure_plate":19,"minecraft:spruce_trapdoor":120,"minecraft:spruce_sapling":5,"minecraft:cobblestone":323,"minecraft:glass_pane":19,"minecraft:kelp":10,"minecraft:diamond_leggings":2,"minecraft:polished_deepslate":2,"minecraft:shield":17,"minecraft:bell":4,"minecraft:spruce_leaves":1,"minecraft:nether_bricks":63,"minecraft:carrot":5,"minecraft:tuff":6,"minecraft:obsidian":39,"minecraft:glass":1198,"minecraft:coal_ore":372,"minecraft:hopper_minecart":3,"minecraft:birch_trapdoor":6,"minecraft:repeater":54,"minecraft:magma_block":22,"minecraft:diamond_boots":2,"minecraft:dropper":4,"minecraft:wither_skeleton_skull":3,"minecraft:oak_planks":617,"minecraft:ender_pearl":29,"minecraft:redstone_block":17,"minecraft:diamond_axe":2515,"minecraft:sugar_cane":74,"minecraft:loom":2,"minecraft:end_stone":51,"minecraft:shears":224,"minecraft:redstone_torch":11,"minecraft:sticky_piston":1,"minecraft:lever":55,"minecraft:firework_rocket":1245,"minecraft:string":541,"minecraft:deepslate":187,"minecraft:andesite":67,"minecraft:chain":23,"minecraft:experience_bottle":42,"minecraft:purpur_block":1,"minecraft:netherite_sword":41,"minecraft:flint_and_steel":4,"minecraft:redstone":205,"minecraft:spruce_planks":2194,"minecraft:ender_chest":17,"minecraft:dirt":2551,"minecraft:white_carpet":122,"minecraft:hopper":14,"minecraft:diamond_helmet":1,"minecraft:shulker_box":105,"minecraft:spruce_fence":389,"minecraft:granite":87,"minecraft:light_gray_stained_glass":5,"minecraft:golden_carrot":323,"minecraft:minecart":99,"minecraft:iron_ore":89,"minecraft:cobblestone_stairs":1,"minecraft:netherite_chestplate":1,"minecraft:spruce_sign":22,"minecraft:stonecutter":1,"minecraft:apple":1,"minecraft:netherite_axe":1,"minecraft:detector_rail":4,"minecraft:cobbled_deepslate_slab":258,"minecraft:bucket":442},"minecraft:picked_up":{"minecraft:diamond_sword":6,"minecraft:oak_stairs":44,"minecraft:enchanted_book":6,"minecraft:brewing_stand":1,"minecraft:golden_sword":1,"minecraft:polished_deepslate":1364,"minecraft:string":43073,"minecraft:soul_soil":62,"minecraft:cooked_salmon":16,"minecraft:diamond_leggings":8,"minecraft:gold_nugget":75,"minecraft:cobbled_deepslate":1029,"minecraft:spruce_planks":31737,"minecraft:hopper_minecart":1,"minecraft:enchanted_golden_apple":1,"minecraft:spruce_pressure_plate":3,"minecraft:purpur_pillar":8,"minecraft:cauldron":6,"minecraft:stone_sword":1,"minecraft:carved_pumpkin":35,"minecraft:iron_block":128,"minecraft:end_rod":3,"minecraft:blaze_rod":6,"minecraft:birch_log":101,"minecraft:magma_block":403,"minecraft:cooked_beef":3,"minecraft:water_bucket":7,"minecraft:flint":104,"minecraft:stonecutter":1,"minecraft:diamond_helmet":8,"minecraft:stripped_spruce_log":1,"minecraft:ink_sac":8,"minecraft:loom":1,"minecraft:barrel":3,"minecraft:dispenser":103,"minecraft:deepslate":929,"minecraft:lever":30,"minecraft:deepslate_gold_ore":4,"minecraft:granite":550,"minecraft:spruce_button":1,"minecraft:diamond_pickaxe":17,"minecraft:spruce_leaves":100,"minecraft:crafting_table":3,"minecraft:dragon_head":1,"minecraft:purpur_block":10,"minecraft:elytra":11,"minecraft:white_carpet":2,"minecraft:glass_pane":10,"minecraft:poppy":125,"minecraft:minecart":222,"minecraft:spruce_slab":4518,"minecraft:chest":68,"minecraft:birch_sapling":51,"minecraft:raw_copper_block":2,"minecraft:copper_ore":240,"minecraft:polished_deepslate_slab":2014,"minecraft:stone":9727,"minecraft:oak_door":1,"minecraft:spruce_fence":111,"minecraft:white_dye":15,"minecraft:carrot":15,"minecraft:redstone":872,"minecraft:tnt":1416,"minecraft:diamond_chestplate":2,"minecraft:peony":11,"minecraft:diamond_boots":7,"minecraft:hay_block":2,"minecraft:purpur_slab":5,"minecraft:gold_ingot":53,"minecraft:white_wool":6,"minecraft:rail":476,"minecraft:oxeye_daisy":2,"minecraft:lapis_ore":39,"minecraft:birch_leaves":6,"minecraft:tripwire_hook":6,"minecraft:yellow_dye":1,"minecraft:purpur_stairs":4,"minecraft:oak_log":371,"minecraft:ancient_debris":32,"minecraft:golden_boots":1,"minecraft:paper":2,"minecraft:stone_bricks":1,"minecraft:apple":126,"minecraft:kelp":362,"minecraft:oak_fence_gate":4,"minecraft:iron_ore":159,"minecraft:light_gray_stained_glass":5,"minecraft:gravel":332,"minecraft:spruce_sapling":1185,"minecraft:spruce_log":9958,"minecraft:firework_rocket":2190,"minecraft:diamond_shovel":7,"minecraft:coal_ore":627,"minecraft:slime_ball":1605,"minecraft:diamond_axe":10,"minecraft:deepslate_redstone_ore":6,"minecraft:gray_wool":1,"minecraft:ender_pearl":5026,"minecraft:shulker_shell":27,"minecraft:chiseled_deepslate":11,"minecraft:wheat":53,"minecraft:nether_brick_fence":6,"minecraft:redstone_block":23,"minecraft:ender_chest":29,"minecraft:potion":2,"minecraft:raw_copper":121,"minecraft:deepslate_lapis_ore":3,"minecraft:sticky_piston":1,"minecraft:comparator":1,"minecraft:bucket":17,"minecraft:redstone_torch":4,"minecraft:deepslate_iron_ore":20,"minecraft:stick":57872,"minecraft:orange_shulker_box":3,"minecraft:birch_trapdoor":6,"minecraft:oak_fence":247,"minecraft:torch":1348,"minecraft:spruce_stairs":6,"minecraft:pointed_dripstone":9,"minecraft:diorite":769,"minecraft:nether_gold_ore":10,"minecraft:rotten_flesh":132,"minecraft:deepslate_copper_ore":1,"minecraft:obsidian":49,"minecraft:cobblestone":2981,"minecraft:repeater":13,"minecraft:magma_cream":2,"minecraft:andesite":732,"minecraft:potato":1,"minecraft:tuff":32,"minecraft:wither_skeleton_skull":3,"minecraft:lapis_lazuli":98,"minecraft:dirt":3957,"minecraft:name_tag":5,"minecraft:glass":129,"minecraft:bone":225,"minecraft:bow":7,"minecraft:bell":5,"minecraft:wheat_seeds":235,"minecraft:cobbled_deepslate_slab":528,"minecraft:raw_gold":38,"minecraft:mossy_stone_bricks":1,"minecraft:powered_rail":382,"minecraft:oak_planks":561,"minecraft:cooked_porkchop":5,"minecraft:oak_pressure_plate":35,"minecraft:sand":155,"minecraft:grass_block":1,"minecraft:shulker_box":108,"minecraft:mossy_cobblestone":9,"minecraft:slime_block":3,"minecraft:spruce_boat":7,"minecraft:diamond":235,"minecraft:cracked_polished_blackstone_bricks":19,"minecraft:crossbow":1,"minecraft:emerald":123,"minecraft:bone_meal":4,"minecraft:golden_apple":15,"minecraft:spruce_sign":7,"minecraft:oak_sapling":160,"minecraft:netherrack":4547,"minecraft:oak_leaves":22,"minecraft:end_stone_bricks":22,"minecraft:azure_bluet":2,"minecraft:packed_ice":1277,"minecraft:chain":3,"minecraft:oak_trapdoor":4,"minecraft:blackstone":102,"minecraft:detector_rail":4,"minecraft:oak_boat":2,"minecraft:observer":78,"minecraft:lectern":53,"minecraft:sugar_cane":1504,"minecraft:spruce_trapdoor":12,"minecraft:phantom_membrane":28,"minecraft:raw_iron":1195,"minecraft:end_stone":240,"minecraft:polished_blackstone_bricks":45,"minecraft:red_shulker_box":6,"minecraft:arrow":125,"minecraft:nether_bricks":63,"minecraft:purple_dye":2,"minecraft:basalt":58,"minecraft:golden_carrot":273,"minecraft:glow_ink_sac":9,"minecraft:salmon":6,"minecraft:leather":5,"minecraft:birch_planks":38,"minecraft:ice":271,"minecraft:gunpowder":46,"minecraft:cooked_mutton":23,"minecraft:iron_ingot":180,"minecraft:soul_sand":29,"minecraft:nether_quartz_ore":40,"minecraft:quartz":185,"minecraft:dandelion":16,"minecraft:dripstone_block":6,"minecraft:white_bed":18,"minecraft:gold_ore":13,"minecraft:spider_eye":23,"minecraft:pumpkin_seeds":4,"minecraft:damaged_anvil":1,"minecraft:coal":1299},"minecraft:killed_by":{"minecraft:zombie":2,"minecraft:creeper":1,"minecraft:skeleton":1},"minecraft:crafted":{"minecraft:black_dye":8,"minecraft:oak_pressure_plate":37,"minecraft:slime_block":153,"minecraft:loom":1,"minecraft:lever":45,"minecraft:diamond_shovel":1,"minecraft:shulker_box":12,"minecraft:iron_bars":16,"minecraft:glass":1798,"minecraft:repeater":17,"minecraft:diamond_leggings":1,"minecraft:stone_pressure_plate":1,"minecraft:black_wool":6,"minecraft:emerald":4890,"minecraft:diamond_axe":1,"minecraft:polished_deepslate_slab":2554,"minecraft:chiseled_deepslate":327,"minecraft:iron_block":3,"minecraft:gold_ingot":7,"minecraft:netherite_ingot":9,"minecraft:golden_carrot":855,"minecraft:orange_shulker_box":1,"minecraft:experience_bottle":42,"minecraft:spruce_fence":201,"minecraft:white_carpet":192,"minecraft:detector_rail":6,"minecraft:spruce_slab":8028,"minecraft:red_shulker_box":1,"minecraft:diamond_boots":1,"minecraft:spruce_boat":2,"minecraft:redstone_block":64,"minecraft:enchanted_book":34,"minecraft:oak_fence_gate":5,"minecraft:white_bed":60,"minecraft:oak_planks":1068,"minecraft:barrel":1,"minecraft:cobblestone_stairs":4,"minecraft:flower_banner_pattern":1,"minecraft:spruce_pressure_plate":28,"minecraft:hopper":16,"minecraft:bow":79,"minecraft:comparator":12,"minecraft:chest":132,"minecraft:netherite_upgrade_smithing_template":34,"minecraft:spire_armor_trim_smithing_template":6,"minecraft:crafting_table":3,"minecraft:spruce_planks":46020,"minecraft:mojang_banner_pattern":1,"minecraft:hopper_minecart":2,"minecraft:birch_planks":68,"minecraft:dispenser":91,"minecraft:tnt":432,"minecraft:spruce_trapdoor":136,"minecraft:paper":1237,"minecraft:diamond_pickaxe":1,"minecraft:emerald_block":99,"minecraft:yellow_dye":7,"minecraft:shield":1,"minecraft:stick":74332,"minecraft:iron_ingot":433,"minecraft:redstone_torch":78,"minecraft:shears":3,"minecraft:cobbled_deepslate_slab":384,"minecraft:redstone":2140,"minecraft:tripwire_hook":10,"minecraft:spruce_button":7,"minecraft:glass_pane":16,"minecraft:flint_and_steel":1,"minecraft:netherite_chestplate":2,"minecraft:yellow_shulker_box":2,"minecraft:polished_deepslate":1240,"minecraft:netherite_scrap":42,"minecraft:observer":93,"minecraft:minecart":6,"minecraft:red_dye":4,"minecraft:diamond_sword":1,"minecraft:spruce_sign":33,"minecraft:black_banner":1,"minecraft:bucket":21,"minecraft:air":0,"minecraft:oak_boat":2,"minecraft:white_wool":507,"minecraft:stonecutter":1,"minecraft:anvil":1,"minecraft:torch":2096,"minecraft:diamond_chestplate":1,"minecraft:firework_rocket":2979},"minecraft:mined":{"minecraft:dragon_wall_head":1,"minecraft:red_shulker_box":6,"minecraft:white_bed":6,"minecraft:obsidian":57,"minecraft:granite":1607,"minecraft:oak_pressure_plate":11,"minecraft:purpur_slab":5,"minecraft:oxeye_daisy":2,"minecraft:spawner":3,"minecraft:polished_blackstone_bricks":30,"minecraft:tall_seagrass":6,"minecraft:magma_block":423,"minecraft:barrel":3,"minecraft:sticky_piston":1,"minecraft:cobbled_deepslate":91,"minecraft:deepslate_lapis_ore":3,"minecraft:polished_deepslate_slab":36,"minecraft:dirt_path":488,"minecraft:oak_stairs":173,"minecraft:spruce_pressure_plate":3,"minecraft:iron_block":4,"minecraft:tripwire":18,"minecraft:kelp_plant":2,"minecraft:torch":24,"minecraft:spruce_wall_sign":1,"minecraft:glass":37,"minecraft:damaged_anvil":1,"minecraft:sugar_cane":817,"minecraft:birch_sapling":13,"minecraft:chain":3,"minecraft:repeater":12,"minecraft:light_gray_stained_glass":5,"minecraft:oak_fence_gate":3,"minecraft:loom":1,"minecraft:stonecutter":1,"minecraft:deepslate":1670,"minecraft:mossy_cobblestone":14,"minecraft:shulker_box":107,"minecraft:end_stone":220,"minecraft:nether_bricks":67,"minecraft:cobbled_deepslate_slab":1,"minecraft:spruce_fence":30,"minecraft:orange_shulker_box":3,"minecraft:redstone_wire":11,"minecraft:kelp":10,"minecraft:redstone_ore":8,"minecraft:andesite":2699,"minecraft:rail":371,"minecraft:white_wool":6,"minecraft:ender_chest":18,"minecraft:oak_slab":27,"minecraft:redstone_block":1,"minecraft:glass_pane":23,"minecraft:comparator":1,"minecraft:soul_sand":82,"minecraft:observer":14,"minecraft:dandelion":8,"minecraft:short_grass":63,"minecraft:spruce_button":1,"minecraft:purpur_pillar":8,"minecraft:copper_ore":254,"minecraft:deepslate_gold_ore":4,"minecraft:diorite":2054,"minecraft:spruce_log":385,"minecraft:birch_leaves":1,"minecraft:gravel":937,"minecraft:dripstone_block":6,"minecraft:stone_bricks":1,"minecraft:gold_ore":17,"minecraft:infested_stone":10,"minecraft:spruce_planks":120,"minecraft:oak_sapling":39,"minecraft:farmland":81,"minecraft:cobblestone_stairs":5,"minecraft:brewing_stand":1,"minecraft:spruce_trapdoor":12,"minecraft:grass_block":4187,"minecraft:cracked_polished_blackstone_bricks":20,"minecraft:soul_soil":24,"minecraft:iron_ore":568,"minecraft:pointed_dripstone":8,"minecraft:end_stone_bricks":22,"minecraft:spruce_slab":273,"minecraft:deepslate_redstone_ore":7,"minecraft:blackstone":160,"minecraft:purpur_stairs":5,"minecraft:poppy":1,"minecraft:chest":17,"minecraft:nether_quartz_ore":119,"minecraft:cobblestone":451,"minecraft:slime_block":3,"minecraft:oak_planks":643,"minecraft:wall_torch":5,"minecraft:cauldron":6,"minecraft:deepslate_copper_ore":7,"minecraft:powered_rail":276,"minecraft:yellow_wool":9,"minecraft:birch_log":31,"minecraft:birch_trapdoor":6,"minecraft:tnt":1,"minecraft:purpur_block":13,"minecraft:oak_log":214,"minecraft:sand":393,"minecraft:dirt":3053,"minecraft:netherrack":10638,"minecraft:tripwire_hook":3,"minecraft:raw_copper_block":2,"minecraft:dispenser":7,"minecraft:ancient_debris":34,"minecraft:oak_leaves":26,"minecraft:nether_gold_ore":21,"minecraft:diamond_ore":6,"minecraft:tuff":54,"minecraft:deepslate_diamond_ore":1,"minecraft:oak_door":3,"minecraft:lever":22,"minecraft:spruce_leaves":62,"minecraft:hay_block":2,"minecraft:oak_trapdoor":10,"minecraft:spruce_sapling":5,"minecraft:carrots":3,"minecraft:chiseled_deepslate":11,"minecraft:detector_rail":3,"minecraft:peony":10,"minecraft:bell":5,"minecraft:nether_brick_fence":7,"minecraft:polished_deepslate":2,"minecraft:deepslate_iron_ore":33,"minecraft:packed_ice":1340,"minecraft:stone":27165,"minecraft:yellow_shulker_box":2,"minecraft:podzol":420,"minecraft:basalt":58,"minecraft:oak_fence":52,"minecraft:crafting_table":5,"minecraft:lectern":53,"minecraft:deepslate_coal_ore":7,"minecraft:lapis_ore":33,"minecraft:polished_blackstone_brick_stairs":1,"minecraft:spruce_stairs":3,"minecraft:birch_planks":40,"minecraft:redstone_torch":3,"minecraft:ice":252,"minecraft:coal_ore":991,"minecraft:end_rod":1},"minecraft:killed":{"minecraft:shulker":39,"minecraft:skeleton":39,"minecraft:magma_cube":1,"minecraft:salmon":22,"minecraft:iron_golem":3,"minecraft:ender_dragon":1,"minecraft:pillager":2,"minecraft:zombie":49,"minecraft:cow":1,"minecraft:enderman":3822,"minecraft:zombified_piglin":5,"minecraft:spider":18,"minecraft:piglin_brute":5,"minecraft:piglin":9,"minecraft:zombie_villager":1,"minecraft:creeper":18,"minecraft:sheep":8,"minecraft:ghast":4,"minecraft:blaze":9,"minecraft:slime":16,"minecraft:phantom":12,"minecraft:drowned":5,"minecraft:hoglin":1,"minecraft:squid":4,"minecraft:wither_skeleton":17,"minecraft:villager":5}},"DataVersion":3839}