{"stats":{"minecraft:used":{"minecraft:enchanting_table":1,"minecraft:stone_sword":13,"minecraft:poppy":2,"minecraft:elytra":5,"minecraft:spruce_planks":4,"minecraft:chest":2,"minecraft:shield":107,"minecraft:stone":142,"minecraft:iron_sword":106,"minecraft:cooked_chicken":2,"minecraft:rotten_flesh":1,"minecraft:cooked_salmon":2,"minecraft:netherrack":342,"minecraft:iron_chestplate":3,"minecraft:torch":159,"minecraft:brewing_stand":1,"minecraft:dirt":72,"minecraft:carrot":5,"minecraft:diamond_helmet":3,"minecraft:shulker_box":1,"minecraft:tuff":2,"minecraft:granite":14,"minecraft:wooden_axe":34,"minecraft:bookshelf":9,"minecraft:iron_boots":2,"minecraft:basalt":1,"minecraft:diamond_chestplate":7,"minecraft:golden_carrot":58,"minecraft:bow":22,"minecraft:furnace":6,"minecraft:oak_sapling":2,"minecraft:egg":1,"minecraft:cooked_beef":2,"minecraft:cobbled_deepslate":33,"minecraft:iron_leggings":4,"minecraft:end_rod":1,"minecraft:cooked_mutton":7,"minecraft:water_bucket":36,"minecraft:diorite":55,"minecraft:diamond_boots":4,"minecraft:stone_pickaxe":355,"minecraft:blackstone":28,"minecraft:wooden_pickaxe":99,"minecraft:diamond_axe":72,"minecraft:polished_blackstone_bricks":6,"minecraft:golden_apple":1,"minecraft:crafting_table":14,"minecraft:crossbow":2,"minecraft:white_bed":12,"minecraft:dripstone_block":1,"minecraft:diamond_pickaxe":7599,"minecraft:firework_rocket":16,"minecraft:bread":29,"minecraft:cracked_polished_blackstone_bricks":3,"minecraft:iron_pickaxe":292,"minecraft:lectern":18,"minecraft:spruce_trapdoor":1,"minecraft:spruce_sapling":205,"minecraft:stone_axe":293,"minecraft:diamond_sword":154,"minecraft:cobblestone":75,"minecraft:grindstone":1,"minecraft:cooked_porkchop":3,"minecraft:chainmail_boots":2,"minecraft:bucket":37,"minecraft:andesite":8,"minecraft:experience_bottle":18,"minecraft:diamond_leggings":6},"minecraft:dropped":{"minecraft:water_bucket":1,"minecraft:wheat_seeds":3,"minecraft:ender_pearl":2770,"minecraft:dripstone_block":1,"minecraft:cobblestone":178,"minecraft:golden_apple":1,"minecraft:spruce_leaves":27,"minecraft:raw_copper_block":1,"minecraft:diorite":34,"minecraft:torch":6,"minecraft:crimson_roots":2,"minecraft:polished_blackstone_bricks":3,"minecraft:spruce_sapling":202,"minecraft:stone_axe":1,"minecraft:cobbled_deepslate":4,"minecraft:stone_sword":1,"minecraft:raw_copper":2,"minecraft:deepslate":13,"minecraft:rotten_flesh":4,"minecraft:stone":68,"minecraft:gunpowder":4,"minecraft:andesite":160,"minecraft:arrow":2,"minecraft:netherrack":7},"minecraft:broken":{"minecraft:stone_pickaxe":1,"minecraft:shield":1,"minecraft:stone_axe":1},"minecraft:killed_by":{"minecraft:piglin_brute":4,"minecraft:creeper":2,"minecraft:spider":1,"minecraft:piglin":2,"minecraft:hoglin":1,"minecraft:skeleton":2,"minecraft:zombie":3},"minecraft:custom":{"minecraft:mob_kills":1759,"minecraft:interact_with_anvil":23,"minecraft:interact_with_crafting_table":52,"minecraft:open_shulker_box":19,"minecraft:leave_game":18,"minecraft:time_since_death":115068,"minecraft:climb_one_cm":765,"minecraft:sprint_one_cm":1519483,"minecraft:walk_one_cm":1484694,"minecraft:damage_blocked_by_shield":7143,"minecraft:drop":245,"minecraft:talked_to_villager":478,"minecraft:play_time":580637,"minecraft:deaths":18,"minecraft:sneak_time":17322,"minecraft:walk_under_water_one_cm":35535,"minecraft:jump":7337,"minecraft:interact_with_blast_furnace":3,"minecraft:walk_on_water_one_cm":73912,"minecraft:total_world_time":580637,"minecraft:interact_with_furnace":64,"minecraft:traded_with_villager":1825,"minecraft:interact_with_loom":1,"minecraft:interact_with_grindstone":4,"minecraft:sleep_in_bed":16,"minecraft:time_since_rest":115092,"minecraft:open_enderchest":1,"minecraft:damage_taken":11192,"minecraft:damage_absorbed":40,"minecraft:damage_dealt":17697,"minecraft:swim_one_cm":136545,"minecraft:fly_one_cm":1917548,"minecraft:open_chest":289,"minecraft:crouch_one_cm":49292,"minecraft:aviate_one_cm":593589,"minecraft:fall_one_cm":192162,"minecraft:inspect_dispenser":1,"minecraft:horse_one_cm":2156},"minecraft:mined":{"minecraft:tuff":2,"minecraft:spruce_planks":4,"minecraft:white_bed":10,"minecraft:deepslate_diamond_ore":44,"minecraft:spruce_trapdoor":1,"minecraft:shulker_box":1,"minecraft:obsidian":10,"minecraft:granite":99,"minecraft:grass_block":3,"minecraft:crimson_roots":3,"minecraft:cracked_polished_blackstone_bricks":16,"minecraft:spruce_leaves":120,"minecraft:spawner":1,"minecraft:hay_block":7,"minecraft:polished_blackstone_bricks":13,"minecraft:spruce_sapling":1,"minecraft:furnace":5,"minecraft:cobbled_deepslate":18,"minecraft:iron_ore":149,"minecraft:fire":2,"minecraft:andesite":255,"minecraft:deepslate_lapis_ore":5,"minecraft:peony":11,"minecraft:gold_block":5,"minecraft:bookshelf":9,"minecraft:pointed_dripstone":6,"minecraft:deepslate_iron_ore":131,"minecraft:stone":5040,"minecraft:blackstone":41,"minecraft:basalt":1,"minecraft:crafting_table":14,"minecraft:torch":2,"minecraft:short_grass":5,"minecraft:lectern":18,"minecraft:cobblestone":10,"minecraft:copper_ore":30,"minecraft:deepslate_coal_ore":4,"minecraft:deepslate_gold_ore":18,"minecraft:lapis_ore":10,"minecraft:sugar_cane":87,"minecraft:diorite":242,"minecraft:birch_log":7,"minecraft:sweet_berry_bush":1,"minecraft:spruce_log":183,"minecraft:coal_ore":197,"minecraft:oak_log":63,"minecraft:infested_deepslate":3,"minecraft:infested_stone":4,"minecraft:gravel":29,"minecraft:dripstone_block":2,"minecraft:dirt":26,"minecraft:cobweb":47,"minecraft:netherrack":432,"minecraft:gold_ore":7,"minecraft:oak_leaves":51,"minecraft:deepslate":1532},"minecraft:killed":{"minecraft:cave_spider":3,"minecraft:witch":1,"minecraft:spider":6,"minecraft:slime":14,"minecraft:skeleton":24,"minecraft:chicken":5,"minecraft:silverfish":5,"minecraft:piglin_brute":2,"minecraft:piglin":17,"minecraft:pig":2,"minecraft:salmon":2,"minecraft:creeper":6,"minecraft:sheep":9,"minecraft:zombie":16,"minecraft:ghast":1,"minecraft:villager":2,"minecraft:enderman":1635,"minecraft:cow":4},"minecraft:crafted":{"minecraft:oak_planks":248,"minecraft:redstone":32,"minecraft:experience_bottle":18,"minecraft:cooked_chicken":2,"minecraft:furnace":3,"minecraft:bookshelf":1,"minecraft:cooked_mutton":7,"minecraft:shulker_box":1,"minecraft:bow":1,"minecraft:diamond_helmet":2,"minecraft:diamond_leggings":2,"minecraft:iron_boots":1,"minecraft:stone_pickaxe":4,"minecraft:chest":3,"minecraft:diamond_boots":2,"minecraft:wheat":63,"minecraft:cooked_beef":5,"minecraft:diamond_sword":2,"minecraft:emerald":1711,"minecraft:cooked_porkchop":3,"minecraft:diamond_axe":2,"minecraft:crafting_table":3,"minecraft:spruce_planks":25420,"minecraft:enchanting_table":1,"minecraft:wooden_pickaxe":4,"minecraft:iron_sword":2,"minecraft:cooked_salmon":2,"minecraft:bucket":2,"minecraft:stone_axe":3,"minecraft:enchanted_book":49,"minecraft:bread":21,"minecraft:air":0,"minecraft:iron_chestplate":2,"minecraft:paper":168,"minecraft:diamond_pickaxe":4,"minecraft:shield":5,"minecraft:stick":50848,"minecraft:iron_pickaxe":3,"minecraft:iron_ingot":169,"minecraft:wooden_axe":1,"minecraft:stone_sword":1,"minecraft:iron_leggings":1,"minecraft:white_bed":3,"minecraft:torch":188,"minecraft:firework_rocket":384,"minecraft:diamond_chestplate":2,"minecraft:golden_carrot":45},"minecraft:picked_up":{"minecraft:wooden_axe":1,"minecraft:spruce_leaves":27,"minecraft:iron_chestplate":1,"minecraft:crafting_table":15,"minecraft:chainmail_boots":2,"minecraft:chicken":8,"minecraft:brown_mushroom":1,"minecraft:diamond_sword":4,"minecraft:wooden_pickaxe":2,"minecraft:gold_block":15,"minecraft:enchanted_book":12,"minecraft:shield":3,"minecraft:string":64,"minecraft:elytra":1,"minecraft:raw_copper":6,"minecraft:iron_axe":5,"minecraft:cooked_salmon":2,"minecraft:iron_leggings":2,"minecraft:blackstone":34,"minecraft:diamond_leggings":4,"minecraft:cobbled_deepslate":660,"minecraft:spruce_planks":4,"minecraft:beef":5,"minecraft:redstone_torch":1,"minecraft:poppy":4,"minecraft:iron_pickaxe":1,"minecraft:lectern":18,"minecraft:minecart":3,"minecraft:sugar_cane":182,"minecraft:spruce_trapdoor":1,"minecraft:raw_copper_block":1,"minecraft:egg":1,"minecraft:furnace":6,"minecraft:stick":2205,"minecraft:raw_iron":409,"minecraft:stone":466,"minecraft:torch":4,"minecraft:porkchop":3,"minecraft:polished_blackstone_bricks":13,"minecraft:pointed_dripstone":14,"minecraft:diorite":116,"minecraft:diamond_chestplate":1,"minecraft:stone_sword":2,"minecraft:arrow":45,"minecraft:rotten_flesh":26,"minecraft:peony":22,"minecraft:diamond_boots":2,"minecraft:hay_block":7,"minecraft:iron_block":2,"minecraft:end_rod":2,"minecraft:mutton":17,"minecraft:obsidian":27,"minecraft:white_wool":8,"minecraft:cobblestone":510,"minecraft:birch_log":14,"minecraft:leather_chestplate":1,"minecraft:feather":8,"minecraft:basalt":1,"minecraft:magma_cream":18,"minecraft:golden_carrot":158,"minecraft:andesite":237,"minecraft:water_bucket":2,"minecraft:salmon":2,"minecraft:leather":3,"minecraft:tuff":2,"minecraft:oak_log":67,"minecraft:gunpowder":6,"minecraft:lapis_lazuli":37,"minecraft:dirt":30,"minecraft:bone":27,"minecraft:apple":42,"minecraft:bow":5,"minecraft:wheat_seeds":3,"minecraft:raw_gold":28,"minecraft:iron_ingot":10,"minecraft:stone_pickaxe":2,"minecraft:cooked_chicken":2,"minecraft:diamond_helmet":2,"minecraft:iron_sword":2,"minecraft:oak_planks":99,"minecraft:book":35,"minecraft:cooked_porkchop":1,"minecraft:sweet_berries":2,"minecraft:dripstone_block":4,"minecraft:gravel":21,"minecraft:spruce_sapling":418,"minecraft:white_bed":10,"minecraft:spruce_log":6355,"minecraft:spider_eye":5,"minecraft:shulker_box":1,"minecraft:firework_rocket":61,"minecraft:slime_ball":21,"minecraft:deepslate":13,"minecraft:diamond":67,"minecraft:stone_axe":4,"minecraft:granite":70,"minecraft:cracked_polished_blackstone_bricks":40,"minecraft:crossbow":4,"minecraft:diamond_axe":4,"minecraft:golden_apple":13,"minecraft:gray_wool":1,"minecraft:emerald":70,"minecraft:oak_sapling":6,"minecraft:netherrack":447,"minecraft:diamond_pickaxe":4,"minecraft:coal":286,"minecraft:crimson_roots":6,"minecraft:ender_pearl":2791}},"DataVersion":3839}