{"stats":{"minecraft:killed_by":{"minecraft:player":1},"minecraft:mined":{"minecraft:short_grass":1},"minecraft:custom":{"minecraft:jump":51,"minecraft:time_since_rest":330,"minecraft:leave_game":1,"minecraft:damage_dealt":110,"minecraft:deaths":1,"minecraft:sprint_one_cm":1636,"minecraft:play_time":1547,"minecraft:damage_taken":300,"minecraft:time_since_death":303,"minecraft:walk_one_cm":1941,"minecraft:total_world_time":1547,"minecraft:fall_one_cm":3716,"minecraft:fly_one_cm":3302}},"DataVersion":3839}