{"stats":{"minecraft:dropped":{"minecraft:iron_sword":1,"minecraft:porkchop":6,"minecraft:lapis_lazuli":10,"minecraft:glass_bottle":3,"minecraft:crossbow":2,"minecraft:saddle":1,"minecraft:purpur_stairs":2,"minecraft:elytra":2,"minecraft:rail":66,"minecraft:emerald":64,"minecraft:dirt":113,"minecraft:gold_nugget":4,"minecraft:phantom_membrane":2,"minecraft:sand":3,"minecraft:iron_pickaxe":1,"minecraft:white_wool":1,"minecraft:bone":25,"minecraft:oak_door":3,"minecraft:stone_axe":3,"minecraft:sugar_cane":3,"minecraft:cobbled_deepslate":59,"minecraft:birch_sapling":6,"minecraft:obsidian":3,"minecraft:rotten_flesh":60,"minecraft:enchanted_golden_apple":1,"minecraft:end_stone":16,"minecraft:azure_bluet":11,"minecraft:salmon":4,"minecraft:white_dye":15,"minecraft:end_stone_bricks":7,"minecraft:glass":212,"minecraft:lectern":2,"minecraft:enchanted_book":2,"minecraft:iron_ingot":41,"minecraft:wheat_seeds":21,"minecraft:oak_fence":225,"minecraft:iron_helmet":1,"minecraft:cobblestone":699,"minecraft:apple":19,"minecraft:granite":263,"minecraft:spruce_button":258,"minecraft:purple_dye":2,"minecraft:coal":72,"minecraft:golden_apple":1,"minecraft:end_rod":1,"minecraft:oxeye_daisy":12,"minecraft:gray_wool":1,"minecraft:golden_carrot":31,"minecraft:oak_stairs":2,"minecraft:smooth_stone":5,"minecraft:chainmail_leggings":3,"minecraft:string":9,"minecraft:spruce_sapling":310,"minecraft:soul_soil":1,"minecraft:stone_sword":2,"minecraft:cobblestone_wall":3,"minecraft:deepslate":392,"minecraft:stone_shovel":1,"minecraft:white_carpet":4,"minecraft:iron_boots":1,"minecraft:name_tag":1,"minecraft:white_terracotta":1,"minecraft:cobbled_deepslate_slab":526,"minecraft:nether_bricks":44,"minecraft:spruce_fence":81,"minecraft:pumpkin_seeds":32,"minecraft:blast_furnace":1,"minecraft:cobblestone_slab":1,"minecraft:stone":148,"minecraft:spruce_trapdoor":54,"minecraft:spruce_planks":163,"minecraft:diamond_pickaxe":1,"minecraft:carved_pumpkin":30,"minecraft:spider_eye":5,"minecraft:stone_bricks":1,"minecraft:bow":5,"minecraft:diamond_axe":2,"minecraft:oak_log":9,"minecraft:ender_pearl":816,"minecraft:leather":1,"minecraft:flint":3,"minecraft:cobblestone_stairs":19,"minecraft:spruce_leaves":39,"minecraft:dispenser":45,"minecraft:cornflower":2,"minecraft:gold_ingot":4,"minecraft:gravel":8,"minecraft:purpur_block":3,"minecraft:pointed_dripstone":10,"minecraft:carrot":2012,"minecraft:poppy":4,"minecraft:gunpowder":7,"minecraft:chainmail_boots":2,"minecraft:basalt":37,"minecraft:iron_bars":2,"minecraft:arrow":24,"minecraft:powered_rail":82,"minecraft:netherrack":1451,"minecraft:firework_rocket":1,"minecraft:stone_hoe":1,"minecraft:bread":11,"minecraft:mossy_cobblestone":32,"minecraft:golden_axe":3,"minecraft:observer":2,"minecraft:copper_ingot":1,"minecraft:stick":150,"minecraft:iron_block":124,"minecraft:diorite":84,"minecraft:light_gray_stained_glass":133,"minecraft:iron_axe":1,"minecraft:bucket":4,"minecraft:redstone":4,"minecraft:kelp":6,"minecraft:raw_copper":3,"minecraft:tuff":192,"minecraft:raw_iron":1170,"minecraft:stripped_oak_log":1,"minecraft:shulker_box":2,"minecraft:filled_map":1,"minecraft:shield":2,"minecraft:iron_chestplate":1,"minecraft:andesite":3,"minecraft:mossy_stone_bricks":1,"minecraft:oak_sapling":16,"minecraft:spruce_log":128,"minecraft:stone_pickaxe":1},"minecraft:mined":{"minecraft:dragon_wall_head":1,"minecraft:white_bed":8,"minecraft:carved_pumpkin":37,"minecraft:obsidian":20,"minecraft:granite":720,"minecraft:hopper":1,"minecraft:oxeye_daisy":47,"minecraft:spawner":3,"minecraft:tall_seagrass":1,"minecraft:magma_block":224,"minecraft:fire":4,"minecraft:cobbled_deepslate":4,"minecraft:barrel":1,"minecraft:pumpkin":36,"minecraft:fletching_table":10,"minecraft:deepslate_lapis_ore":10,"minecraft:polished_deepslate_slab":43,"minecraft:dirt_path":223,"minecraft:oak_stairs":173,"minecraft:kelp_plant":124,"minecraft:crimson_nylium":1,"minecraft:torch":28,"minecraft:blast_furnace":1,"minecraft:white_stained_glass_pane":10,"minecraft:sugar_cane":181,"minecraft:white_terracotta":31,"minecraft:light_gray_stained_glass":34,"minecraft:blue_shulker_box":19,"minecraft:deepslate":4640,"minecraft:infested_deepslate":1,"minecraft:light_gray_stained_glass_pane":2,"minecraft:mossy_cobblestone":46,"minecraft:shulker_box":77,"minecraft:end_stone":162,"minecraft:cobbled_deepslate_slab":10,"minecraft:nether_bricks":62,"minecraft:dark_oak_fence":6,"minecraft:spruce_fence":5,"minecraft:crimson_roots":1,"minecraft:kelp":27,"minecraft:redstone_ore":2,"minecraft:andesite":1504,"minecraft:potatoes":4,"minecraft:cobblestone_slab":2,"minecraft:rail":9,"minecraft:smithing_table":1,"minecraft:redstone_block":1,"minecraft:glass_pane":10,"minecraft:observer":13,"minecraft:cornflower":1,"minecraft:short_grass":186,"minecraft:emerald_ore":3,"minecraft:tall_grass":7,"minecraft:purpur_pillar":24,"minecraft:copper_ore":114,"minecraft:deepslate_gold_ore":8,"minecraft:diorite":993,"minecraft:cobblestone_wall":3,"minecraft:spruce_log":571,"minecraft:gravel":895,"minecraft:cobweb":6,"minecraft:stone_bricks":1,"minecraft:gold_ore":3,"minecraft:spruce_planks":230,"minecraft:oak_sapling":3,"minecraft:farmland":16,"minecraft:cobblestone_stairs":26,"minecraft:brewing_stand":1,"minecraft:spruce_trapdoor":13,"minecraft:grass_block":3318,"minecraft:soul_soil":13,"minecraft:glowstone":2,"minecraft:iron_ore":493,"minecraft:anvil":1,"minecraft:azure_bluet":9,"minecraft:pointed_dripstone":9,"minecraft:iron_bars":2,"minecraft:end_stone_bricks":16,"minecraft:spruce_slab":229,"minecraft:deepslate_redstone_ore":5,"minecraft:purpur_stairs":9,"minecraft:poppy":3,"minecraft:beacon":4,"minecraft:chest":15,"minecraft:nether_quartz_ore":5,"minecraft:cobblestone":503,"minecraft:slime_block":1,"minecraft:oak_planks":237,"minecraft:wall_torch":5,"minecraft:deepslate_copper_ore":15,"minecraft:seagrass":1,"minecraft:powered_rail":15,"minecraft:birch_log":61,"minecraft:smooth_stone_slab":15,"minecraft:purpur_block":29,"minecraft:yellow_stained_glass_pane":10,"minecraft:oak_log":405,"minecraft:sand":3,"minecraft:dirt":2910,"minecraft:raw_copper_block":1,"minecraft:netherrack":2398,"minecraft:dispenser":10,"minecraft:oak_leaves":43,"minecraft:emerald_block":493,"minecraft:nether_gold_ore":1,"minecraft:tuff":285,"minecraft:diamond_ore":10,"minecraft:deepslate_diamond_ore":93,"minecraft:oak_door":5,"minecraft:spruce_leaves":192,"minecraft:furnace":15,"minecraft:spruce_sapling":59,"minecraft:carrots":319,"minecraft:stripped_spruce_log":8,"minecraft:chiseled_deepslate":1,"minecraft:nether_brick_fence":2,"minecraft:polished_deepslate":2,"minecraft:bookshelf":13,"minecraft:deepslate_iron_ore":171,"minecraft:stripped_oak_log":17,"minecraft:stone":31901,"minecraft:podzol":94,"minecraft:magenta_stained_glass":6,"minecraft:basalt":40,"minecraft:oak_fence":7,"minecraft:crafting_table":16,"minecraft:lectern":706,"minecraft:lapis_ore":16,"minecraft:spruce_stairs":21,"minecraft:gray_wool":1,"minecraft:birch_planks":5,"minecraft:redstone_torch":1,"minecraft:yellow_bed":7,"minecraft:coal_ore":371,"minecraft:end_rod":4,"minecraft:mossy_stone_bricks":1},"minecraft:broken":{"minecraft:diamond_pickaxe":1,"minecraft:stone_axe":1,"minecraft:stone_shovel":1,"minecraft:diamond_axe":2},"minecraft:killed_by":{"minecraft:pillager":2,"minecraft:piglin":1,"minecraft:player":1,"minecraft:skeleton":1},"minecraft:crafted":{"minecraft:smooth_stone":39,"minecraft:chain":40,"minecraft:lever":1,"minecraft:diamond_shovel":4,"minecraft:bookshelf":25,"minecraft:shulker_box":7,"minecraft:cooked_mutton":7,"minecraft:glass":652,"minecraft:diamond_helmet":1,"minecraft:repeater":25,"minecraft:diamond_leggings":1,"minecraft:beacon":1,"minecraft:name_tag":1,"minecraft:emerald":3979,"minecraft:cooked_porkchop":33,"minecraft:diamond_axe":3,"minecraft:spruce_door":3,"minecraft:polished_deepslate_slab":1140,"minecraft:lectern":1,"minecraft:iron_pickaxe":1,"minecraft:iron_block":154,"minecraft:light_gray_dye":51,"minecraft:spruce_fence_gate":8,"minecraft:golden_carrot":474,"minecraft:stone_shovel":1,"minecraft:iron_nugget":81,"minecraft:experience_bottle":391,"minecraft:bone_meal":876,"minecraft:blue_shulker_box":1,"minecraft:spruce_fence":399,"minecraft:white_carpet":642,"minecraft:lantern":6,"minecraft:spruce_stairs":136,"minecraft:ladder":36,"minecraft:spruce_slab":5346,"minecraft:stone_pickaxe":1,"minecraft:diamond_boots":1,"minecraft:crossbow":7,"minecraft:enchanting_table":1,"minecraft:red_bed":1,"minecraft:enchanted_book":54,"minecraft:oak_stairs":8,"minecraft:iron_shovel":1,"minecraft:iron_leggings":1,"minecraft:white_bed":2,"minecraft:oak_planks":2116,"minecraft:barrel":2,"minecraft:stone":1,"minecraft:spruce_pressure_plate":1,"minecraft:hopper":35,"minecraft:bow":17,"minecraft:iron_boots":1,"minecraft:chest":49,"minecraft:oak_fence":204,"minecraft:dropper":4,"minecraft:arrow":256,"minecraft:cauldron":4,"minecraft:crafting_table":7,"minecraft:spruce_planks":53264,"minecraft:iron_helmet":1,"minecraft:wooden_pickaxe":1,"minecraft:birch_planks":244,"minecraft:spruce_trapdoor":18,"minecraft:iron_chestplate":1,"minecraft:paper":192,"minecraft:diamond_pickaxe":1,"minecraft:emerald_block":136,"minecraft:purple_dye":2,"minecraft:shield":4,"minecraft:stick":101411,"minecraft:iron_ingot":1810,"minecraft:stone_sword":1,"minecraft:redstone_torch":58,"minecraft:light_gray_stained_glass_pane":16,"minecraft:shears":1,"minecraft:oak_door":3,"minecraft:cobbled_deepslate_slab":810,"minecraft:redstone":128,"minecraft:light_gray_stained_glass":408,"minecraft:spruce_button":130,"minecraft:furnace":19,"minecraft:blast_furnace":14,"minecraft:flint_and_steel":2,"minecraft:polished_deepslate":636,"minecraft:minecart":9,"minecraft:red_dye":2,"minecraft:diamond_sword":1,"minecraft:spruce_sign":21,"minecraft:iron_sword":1,"minecraft:bucket":83,"minecraft:stone_axe":15,"minecraft:air":0,"minecraft:blue_dye":2,"minecraft:white_wool":411,"minecraft:white_dye":15,"minecraft:anvil":3,"minecraft:torch":12,"minecraft:diamond_chestplate":1,"minecraft:firework_rocket":576},"minecraft:custom":{"minecraft:interact_with_crafting_table":187,"minecraft:bell_ring":1,"minecraft:leave_game":51,"minecraft:time_since_death":1633058,"minecraft:damage_blocked_by_shield":5307,"minecraft:play_time":2170955,"minecraft:deaths":6,"minecraft:jump":27974,"minecraft:enchant_item":5,"minecraft:interact_with_furnace":169,"minecraft:traded_with_villager":4891,"minecraft:sleep_in_bed":48,"minecraft:damage_dealt":112862,"minecraft:use_cauldron":7,"minecraft:inspect_dispenser":115,"minecraft:horse_one_cm":24292,"minecraft:interact_with_smithing_table":1,"minecraft:interact_with_anvil":46,"minecraft:sneak_time":139160,"minecraft:interact_with_blast_furnace":274,"minecraft:total_world_time":2170955,"minecraft:interact_with_stonecutter":1,"minecraft:time_since_rest":49376,"minecraft:swim_one_cm":482295,"minecraft:fly_one_cm":7812358,"minecraft:open_chest":1371,"minecraft:fall_one_cm":751864,"minecraft:open_shulker_box":321,"minecraft:sprint_one_cm":5017274,"minecraft:drop":618,"minecraft:talked_to_villager":1647,"minecraft:walk_on_water_one_cm":161195,"minecraft:interact_with_loom":5,"minecraft:open_enderchest":109,"minecraft:interact_with_beacon":6,"minecraft:player_kills":1,"minecraft:crouch_one_cm":512361,"minecraft:mob_kills":1484,"minecraft:climb_one_cm":8078,"minecraft:walk_one_cm":4253249,"minecraft:raid_win":1,"minecraft:walk_under_water_one_cm":293001,"minecraft:boat_one_cm":4305,"minecraft:interact_with_grindstone":4,"minecraft:damage_taken":17421,"minecraft:damage_absorbed":40,"minecraft:aviate_one_cm":7368925},"minecraft:used":{"minecraft:nether_brick_fence":2,"minecraft:chiseled_deepslate":1,"minecraft:spruce_slab":6639,"minecraft:dispenser":56,"minecraft:ladder":18,"minecraft:chest":47,"minecraft:stone":40,"minecraft:soul_sand":1,"minecraft:stripped_spruce_log":4,"minecraft:lava_bucket":26,"minecraft:bow":28,"minecraft:furnace":18,"minecraft:oak_sapling":1,"minecraft:egg":1,"minecraft:diorite":180,"minecraft:end_stone_bricks":7,"minecraft:spruce_door":1,"minecraft:powered_rail":389,"minecraft:wooden_pickaxe":25,"minecraft:purpur_pillar":15,"minecraft:golden_apple":1,"minecraft:purpur_stairs":1,"minecraft:blast_furnace":15,"minecraft:pumpkin_seeds":18,"minecraft:lectern":709,"minecraft:diamond_sword":1384,"minecraft:enchanting_table":1,"minecraft:stone_sword":122,"minecraft:carved_pumpkin":13,"minecraft:cooked_salmon":1,"minecraft:netherrack":635,"minecraft:torch":411,"minecraft:anvil":4,"minecraft:iron_block":40,"minecraft:spruce_button":6,"minecraft:barrel":2,"minecraft:cobbled_deepslate":166,"minecraft:observer":58,"minecraft:pointed_dripstone":4,"minecraft:water_bucket":232,"minecraft:cauldron":4,"minecraft:fletching_table":10,"minecraft:spruce_fence_gate":8,"minecraft:polished_deepslate_slab":2130,"minecraft:mossy_cobblestone":1,"minecraft:rail":55,"minecraft:crafting_table":19,"minecraft:red_bed":1,"minecraft:white_bed":7,"minecraft:spruce_log":169,"minecraft:oak_log":16,"minecraft:diamond_pickaxe":45515,"minecraft:diamond_shovel":7234,"minecraft:iron_pickaxe":119,"minecraft:spruce_pressure_plate":1,"minecraft:spruce_trapdoor":35,"minecraft:spruce_sapling":1034,"minecraft:cobblestone":748,"minecraft:cooked_porkchop":33,"minecraft:kelp":118,"minecraft:diamond_leggings":1,"minecraft:iron_shovel":147,"minecraft:polished_deepslate":2,"minecraft:light_gray_stained_glass_pane":16,"minecraft:diamond_hoe":343,"minecraft:shield":101,"minecraft:iron_sword":33,"minecraft:iron_chestplate":1,"minecraft:mutton":6,"minecraft:nether_bricks":17,"minecraft:carrot":421,"minecraft:tuff":67,"minecraft:obsidian":37,"minecraft:glass":23,"minecraft:lantern":6,"minecraft:iron_helmet":1,"minecraft:magma_block":454,"minecraft:blue_shulker_box":19,"minecraft:end_rod":2,"minecraft:diamond_boots":1,"minecraft:stone_pickaxe":111,"minecraft:oak_planks":27,"minecraft:ender_pearl":20,"minecraft:redstone_block":18,"minecraft:diamond_axe":2935,"minecraft:sugar_cane":26,"minecraft:white_wool":2,"minecraft:crossbow":1,"minecraft:dripstone_block":9,"minecraft:end_stone":27,"minecraft:shears":37,"minecraft:firework_rocket":201,"minecraft:bread":11,"minecraft:deepslate":382,"minecraft:gravel":34,"minecraft:andesite":11,"minecraft:bone_meal":744,"minecraft:experience_bottle":382,"minecraft:purpur_block":5,"minecraft:flint_and_steel":6,"minecraft:stone_shovel":132,"minecraft:spruce_planks":1350,"minecraft:sculk":3,"minecraft:oak_door":1,"minecraft:dirt":1499,"minecraft:white_carpet":112,"minecraft:hopper":36,"minecraft:spruce_stairs":157,"minecraft:diamond_helmet":1,"minecraft:shulker_box":79,"minecraft:spruce_fence":103,"minecraft:granite":22,"minecraft:light_gray_stained_glass":330,"minecraft:bookshelf":27,"minecraft:oak_stairs":8,"minecraft:iron_boots":3,"minecraft:golden_carrot":203,"minecraft:emerald_block":493,"minecraft:pumpkin":36,"minecraft:iron_leggings":2,"minecraft:cooked_mutton":55,"minecraft:iron_ore":66,"minecraft:cobblestone_stairs":3,"minecraft:spruce_sign":16,"minecraft:beacon":4,"minecraft:apple":1,"minecraft:stone_axe":223,"minecraft:cobbled_deepslate_slab":267,"minecraft:bucket":329,"minecraft:yellow_bed":6,"minecraft:gray_wool":1},"minecraft:killed":{"minecraft:cave_spider":1,"minecraft:shulker":76,"minecraft:skeleton":48,"minecraft:magma_cube":4,"minecraft:iron_golem":3,"minecraft:pillager":32,"minecraft:zombie":82,"minecraft:cow":1,"minecraft:evoker":3,"minecraft:vindicator":9,"minecraft:horse":1,"minecraft:wandering_trader":1,"minecraft:ravager":3,"minecraft:enderman":1004,"minecraft:zombified_piglin":8,"minecraft:witch":4,"minecraft:spider":15,"minecraft:wither":1,"minecraft:silverfish":1,"minecraft:piglin":1,"minecraft:pig":18,"minecraft:zombie_villager":5,"minecraft:creeper":22,"minecraft:sheep":30,"minecraft:blaze":5,"minecraft:vex":12,"minecraft:slime":30,"minecraft:phantom":13,"minecraft:drowned":10,"minecraft:wither_skeleton":14},"minecraft:picked_up":{"minecraft:iron_chestplate":2,"minecraft:chainmail_boots":2,"minecraft:anvil":1,"minecraft:diamond_sword":3,"minecraft:smithing_table":1,"minecraft:oak_stairs":74,"minecraft:brewing_stand":1,"minecraft:golden_sword":1,"minecraft:polished_deepslate":2,"minecraft:string":604,"minecraft:soul_soil":6,"minecraft:cooked_salmon":12,"minecraft:diamond_leggings":3,"minecraft:gold_nugget":14,"minecraft:cobbled_deepslate":2482,"minecraft:spruce_planks":1337,"minecraft:purpur_pillar":19,"minecraft:golden_axe":3,"minecraft:stone_sword":5,"minecraft:iron_block":24,"minecraft:carved_pumpkin":45,"minecraft:end_rod":3,"minecraft:white_terracotta":28,"minecraft:blaze_rod":15,"minecraft:iron_bars":2,"minecraft:birch_log":74,"minecraft:magma_block":222,"minecraft:feather":1,"minecraft:water_bucket":4,"minecraft:flint":46,"minecraft:diamond_helmet":3,"minecraft:glowstone_dust":8,"minecraft:stripped_spruce_log":8,"minecraft:dispenser":101,"minecraft:deepslate":464,"minecraft:granite":413,"minecraft:spruce_button":198,"minecraft:bread":11,"minecraft:dark_oak_fence":4,"minecraft:diamond_pickaxe":4,"minecraft:spruce_leaves":64,"minecraft:crafting_table":16,"minecraft:dragon_head":1,"minecraft:purpur_block":8,"minecraft:cornflower":6,"minecraft:elytra":3,"minecraft:flint_and_steel":3,"minecraft:white_carpet":2,"minecraft:iron_shovel":1,"minecraft:beef":1,"minecraft:poppy":15,"minecraft:spruce_slab":1868,"minecraft:minecart":16,"minecraft:chest":13,"minecraft:birch_sapling":25,"minecraft:copper_ore":66,"minecraft:egg":1,"minecraft:polished_deepslate_slab":48,"minecraft:stone":996,"minecraft:oak_door":3,"minecraft:spruce_fence":114,"minecraft:carrot":2434,"minecraft:redstone":65,"minecraft:diamond_chestplate":3,"minecraft:stone_shovel":2,"minecraft:diamond_boots":3,"minecraft:gold_ingot":1,"minecraft:totem_of_undying":1,"minecraft:mutton":19,"minecraft:rail":148,"minecraft:white_wool":32,"minecraft:bone_block":64,"minecraft:oxeye_daisy":57,"minecraft:stripped_oak_log":17,"minecraft:purpur_stairs":3,"minecraft:oak_log":487,"minecraft:white_banner":2,"minecraft:stone_bricks":1,"minecraft:apple":60,"minecraft:kelp":593,"minecraft:stone_pickaxe":1,"minecraft:iron_ore":64,"minecraft:glass_bottle":3,"minecraft:iron_sword":2,"minecraft:light_gray_stained_glass":61,"minecraft:gravel":390,"minecraft:spruce_sapling":1725,"minecraft:spruce_log":12716,"minecraft:dragon_egg":1,"minecraft:diamond_shovel":3,"minecraft:slime_ball":94,"minecraft:stone_axe":6,"minecraft:diamond_axe":5,"minecraft:gray_wool":2,"minecraft:hopper":1,"minecraft:ender_pearl":812,"minecraft:shulker_shell":42,"minecraft:chiseled_deepslate":72,"minecraft:redstone_block":27,"minecraft:nether_brick_fence":2,"minecraft:raw_copper":224,"minecraft:smooth_stone_slab":13,"minecraft:iron_leggings":1,"minecraft:smooth_stone":8,"minecraft:bucket":3,"minecraft:cobblestone_slab":1,"minecraft:iron_pickaxe":2,"minecraft:iron_boots":2,"minecraft:furnace":15,"minecraft:tipped_arrow":1,"minecraft:stick":2819,"minecraft:oak_fence":7,"minecraft:torch":865,"minecraft:spruce_stairs":21,"minecraft:porkchop":39,"minecraft:pointed_dripstone":21,"minecraft:diorite":637,"minecraft:rotten_flesh":86,"minecraft:deepslate_copper_ore":1,"minecraft:obsidian":59,"minecraft:cobblestone":5752,"minecraft:magma_cream":2,"minecraft:andesite":204,"minecraft:beacon":4,"minecraft:potato":15,"minecraft:tuff":243,"minecraft:lapis_lazuli":453,"minecraft:dirt":5412,"minecraft:glass":1,"minecraft:bone":90,"minecraft:bow":1,"minecraft:wheat_seeds":61,"minecraft:raw_gold":31,"minecraft:cobbled_deepslate_slab":11,"minecraft:mossy_stone_bricks":1,"minecraft:fletching_table":10,"minecraft:powered_rail":1113,"minecraft:oak_planks":251,"minecraft:stone_hoe":1,"minecraft:cooked_porkchop":17,"minecraft:oak_pressure_plate":1,"minecraft:sand":3,"minecraft:shulker_box":84,"minecraft:mossy_cobblestone":46,"minecraft:diamond":212,"minecraft:crossbow":3,"minecraft:bone_meal":119,"minecraft:golden_apple":6,"minecraft:emerald":298,"minecraft:oak_sapling":83,"minecraft:netherrack":3461,"minecraft:oak_leaves":2,"minecraft:nether_star":1,"minecraft:end_stone_bricks":20,"minecraft:azure_bluet":19,"minecraft:ladder":7,"minecraft:wooden_pickaxe":2,"minecraft:shield":5,"minecraft:iron_axe":1,"minecraft:observer":60,"minecraft:blue_shulker_box":19,"minecraft:lectern":706,"minecraft:sugar_cane":217,"minecraft:spruce_trapdoor":40,"minecraft:phantom_membrane":11,"minecraft:raw_iron":2566,"minecraft:end_stone":158,"minecraft:copper_ingot":1,"minecraft:arrow":72,"minecraft:nether_bricks":61,"minecraft:saddle":1,"minecraft:basalt":39,"minecraft:golden_carrot":108,"minecraft:salmon":6,"minecraft:leather":2,"minecraft:birch_planks":4,"minecraft:ice":20,"minecraft:chainmail_chestplate":1,"minecraft:gunpowder":24,"minecraft:nether_wart_block":1,"minecraft:yellow_bed":10,"minecraft:cobblestone_wall":3,"minecraft:cobblestone_stairs":22,"minecraft:cooked_mutton":52,"minecraft:iron_ingot":165,"minecraft:book":89,"minecraft:emerald_block":679,"minecraft:pumpkin":36,"minecraft:quartz":8,"minecraft:dripstone_block":9,"minecraft:blast_furnace":3,"minecraft:white_bed":9,"minecraft:gold_ore":13,"minecraft:spider_eye":5,"minecraft:pumpkin_seeds":140,"minecraft:chainmail_leggings":3,"minecraft:iron_helmet":2,"minecraft:coal":941}},"DataVersion":3839}