{"stats":{"minecraft:dropped":{"minecraft:porkchop":6,"minecraft:diamond_axe":2,"minecraft:iron_sword":1,"minecraft:lapis_lazuli":10,"minecraft:oak_log":9,"minecraft:ender_pearl":816,"minecraft:glass_bottle":3,"minecraft:crossbow":2,"minecraft:leather":1,"minecraft:saddle":1,"minecraft:purpur_stairs":2,"minecraft:elytra":2,"minecraft:rail":66,"minecraft:emerald":64,"minecraft:cobblestone_stairs":19,"minecraft:flint":3,"minecraft:spruce_leaves":39,"minecraft:dirt":113,"minecraft:dispenser":45,"minecraft:gold_nugget":4,"minecraft:sand":3,"minecraft:phantom_membrane":2,"minecraft:iron_pickaxe":1,"minecraft:white_wool":1,"minecraft:gold_ingot":4,"minecraft:bone":25,"minecraft:oak_door":3,"minecraft:gravel":8,"minecraft:stone_axe":3,"minecraft:purpur_block":3,"minecraft:sugar_cane":3,"minecraft:cobbled_deepslate":59,"minecraft:birch_sapling":6,"minecraft:pointed_dripstone":10,"minecraft:obsidian":3,"minecraft:rotten_flesh":60,"minecraft:enchanted_golden_apple":1,"minecraft:end_stone":16,"minecraft:azure_bluet":11,"minecraft:salmon":4,"minecraft:carrot":2012,"minecraft:poppy":4,"minecraft:gunpowder":7,"minecraft:chainmail_boots":2,"minecraft:white_dye":15,"minecraft:iron_bars":2,"minecraft:arrow":24,"minecraft:basalt":37,"minecraft:end_stone_bricks":7,"minecraft:powered_rail":82,"minecraft:glass":212,"minecraft:netherrack":1451,"minecraft:firework_rocket":1,"minecraft:enchanted_book":2,"minecraft:bread":11,"minecraft:lectern":2,"minecraft:stone_hoe":1,"minecraft:iron_ingot":41,"minecraft:wheat_seeds":20,"minecraft:mossy_cobblestone":32,"minecraft:oak_fence":225,"minecraft:golden_axe":3,"minecraft:iron_helmet":1,"minecraft:cobblestone":699,"minecraft:observer":2,"minecraft:apple":19,"minecraft:granite":263,"minecraft:spruce_button":258,"minecraft:coal":72,"minecraft:copper_ingot":1,"minecraft:purple_dye":2,"minecraft:golden_apple":1,"minecraft:end_rod":1,"minecraft:stick":150,"minecraft:oxeye_daisy":12,"minecraft:iron_block":124,"minecraft:gray_wool":1,"minecraft:diorite":84,"minecraft:golden_carrot":31,"minecraft:light_gray_stained_glass":133,"minecraft:oak_stairs":2,"minecraft:iron_axe":1,"minecraft:smooth_stone":5,"minecraft:chainmail_leggings":3,"minecraft:string":9,"minecraft:bucket":4,"minecraft:spruce_sapling":310,"minecraft:redstone":4,"minecraft:kelp":6,"minecraft:soul_soil":1,"minecraft:stone_sword":2,"minecraft:deepslate":392,"minecraft:cobblestone_wall":3,"minecraft:raw_copper":3,"minecraft:stone_shovel":1,"minecraft:tuff":192,"minecraft:raw_iron":1170,"minecraft:white_carpet":4,"minecraft:iron_boots":1,"minecraft:stripped_oak_log":1,"minecraft:cobbled_deepslate_slab":526,"minecraft:name_tag":1,"minecraft:white_terracotta":1,"minecraft:spruce_fence":81,"minecraft:nether_bricks":44,"minecraft:shulker_box":2,"minecraft:pumpkin_seeds":32,"minecraft:blast_furnace":1,"minecraft:filled_map":1,"minecraft:cobblestone_slab":1,"minecraft:stone":148,"minecraft:shield":2,"minecraft:spruce_trapdoor":54,"minecraft:spruce_planks":11,"minecraft:diamond_pickaxe":1,"minecraft:iron_chestplate":1,"minecraft:andesite":3,"minecraft:mossy_stone_bricks":1,"minecraft:oak_sapling":16,"minecraft:carved_pumpkin":30,"minecraft:stone_bricks":1,"minecraft:spider_eye":5,"minecraft:spruce_log":128,"minecraft:bow":5,"minecraft:stone_pickaxe":1},"minecraft:picked_up":{"minecraft:shulker_shell":42,"minecraft:chiseled_deepslate":1,"minecraft:iron_chestplate":2,"minecraft:chainmail_boots":2,"minecraft:redstone_block":27,"minecraft:nether_brick_fence":2,"minecraft:anvil":1,"minecraft:smithing_table":1,"minecraft:diamond_sword":3,"minecraft:oak_stairs":74,"minecraft:brewing_stand":1,"minecraft:golden_sword":1,"minecraft:polished_deepslate":2,"minecraft:string":603,"minecraft:soul_soil":6,"minecraft:raw_copper":141,"minecraft:cooked_salmon":12,"minecraft:smooth_stone_slab":13,"minecraft:iron_leggings":1,"minecraft:diamond_leggings":3,"minecraft:smooth_stone":8,"minecraft:gold_nugget":14,"minecraft:cobbled_deepslate":2421,"minecraft:bucket":3,"minecraft:spruce_planks":1337,"minecraft:cobblestone_slab":1,"minecraft:iron_pickaxe":2,"minecraft:iron_boots":2,"minecraft:furnace":15,"minecraft:tipped_arrow":1,"minecraft:stick":2806,"minecraft:oak_fence":7,"minecraft:torch":865,"minecraft:purpur_pillar":19,"minecraft:spruce_stairs":21,"minecraft:porkchop":39,"minecraft:golden_axe":3,"minecraft:pointed_dripstone":17,"minecraft:diorite":633,"minecraft:stone_sword":5,"minecraft:rotten_flesh":73,"minecraft:iron_block":24,"minecraft:carved_pumpkin":45,"minecraft:deepslate_copper_ore":1,"minecraft:end_rod":3,"minecraft:white_terracotta":28,"minecraft:blaze_rod":15,"minecraft:obsidian":59,"minecraft:iron_bars":2,"minecraft:cobblestone":5682,"minecraft:birch_log":58,"minecraft:magma_block":222,"minecraft:feather":1,"minecraft:magma_cream":2,"minecraft:water_bucket":4,"minecraft:andesite":202,"minecraft:beacon":4,"minecraft:potato":15,"minecraft:flint":45,"minecraft:tuff":243,"minecraft:lapis_lazuli":453,"minecraft:dirt":5262,"minecraft:glass":1,"minecraft:bone":89,"minecraft:wheat_seeds":60,"minecraft:raw_gold":31,"minecraft:cobbled_deepslate_slab":11,"minecraft:diamond_helmet":3,"minecraft:fletching_table":10,"minecraft:mossy_stone_bricks":1,"minecraft:glowstone_dust":8,"minecraft:powered_rail":1113,"minecraft:stone_hoe":1,"minecraft:oak_planks":251,"minecraft:cooked_porkchop":17,"minecraft:oak_pressure_plate":1,"minecraft:sand":3,"minecraft:stripped_spruce_log":8,"minecraft:shulker_box":71,"minecraft:mossy_cobblestone":46,"minecraft:dispenser":101,"minecraft:diamond":186,"minecraft:deepslate":464,"minecraft:crossbow":3,"minecraft:granite":392,"minecraft:bone_meal":119,"minecraft:golden_apple":6,"minecraft:spruce_button":198,"minecraft:bread":11,"minecraft:emerald":294,"minecraft:end_stone_bricks":20,"minecraft:oak_sapling":64,"minecraft:oak_leaves":1,"minecraft:netherrack":3461,"minecraft:dark_oak_fence":4,"minecraft:nether_star":1,"minecraft:diamond_pickaxe":4,"minecraft:spruce_leaves":64,"minecraft:crafting_table":16,"minecraft:azure_bluet":19,"minecraft:ladder":7,"minecraft:wooden_pickaxe":2,"minecraft:dragon_head":1,"minecraft:purpur_block":8,"minecraft:shield":5,"minecraft:cornflower":4,"minecraft:elytra":3,"minecraft:iron_axe":1,"minecraft:flint_and_steel":3,"minecraft:white_carpet":2,"minecraft:iron_shovel":1,"minecraft:beef":1,"minecraft:observer":60,"minecraft:lectern":706,"minecraft:poppy":15,"minecraft:spruce_slab":1868,"minecraft:minecart":16,"minecraft:sugar_cane":217,"minecraft:blue_shulker_box":18,"minecraft:chest":13,"minecraft:birch_sapling":16,"minecraft:spruce_trapdoor":40,"minecraft:phantom_membrane":11,"minecraft:copper_ore":2,"minecraft:egg":1,"minecraft:raw_iron":2371,"minecraft:end_stone":158,"minecraft:polished_deepslate_slab":48,"minecraft:stone":870,"minecraft:oak_door":3,"minecraft:copper_ingot":1,"minecraft:spruce_fence":114,"minecraft:carrot":2433,"minecraft:redstone":3,"minecraft:diamond_chestplate":3,"minecraft:arrow":70,"minecraft:stone_shovel":2,"minecraft:nether_bricks":61,"minecraft:diamond_boots":3,"minecraft:saddle":1,"minecraft:gold_ingot":1,"minecraft:totem_of_undying":1,"minecraft:mutton":19,"minecraft:rail":148,"minecraft:white_wool":32,"minecraft:bone_block":64,"minecraft:oxeye_daisy":57,"minecraft:stripped_oak_log":17,"minecraft:basalt":39,"minecraft:golden_carrot":108,"minecraft:salmon":6,"minecraft:leather":2,"minecraft:birch_planks":4,"minecraft:ice":1,"minecraft:purpur_stairs":3,"minecraft:oak_log":446,"minecraft:chainmail_chestplate":1,"minecraft:gunpowder":21,"minecraft:yellow_bed":10,"minecraft:nether_wart_block":1,"minecraft:cobblestone_wall":3,"minecraft:cobblestone_stairs":22,"minecraft:white_banner":2,"minecraft:cooked_mutton":52,"minecraft:apple":55,"minecraft:stone_bricks":1,"minecraft:kelp":532,"minecraft:iron_ingot":164,"minecraft:stone_pickaxe":1,"minecraft:iron_ore":64,"minecraft:glass_bottle":3,"minecraft:iron_sword":2,"minecraft:book":89,"minecraft:light_gray_stained_glass":61,"minecraft:emerald_block":679,"minecraft:pumpkin":36,"minecraft:quartz":8,"minecraft:gravel":389,"minecraft:spruce_sapling":1725,"minecraft:blast_furnace":3,"minecraft:white_bed":9,"minecraft:spruce_log":12602,"minecraft:dragon_egg":1,"minecraft:spider_eye":5,"minecraft:pumpkin_seeds":140,"minecraft:diamond_shovel":3,"minecraft:slime_ball":94,"minecraft:stone_axe":6,"minecraft:chainmail_leggings":3,"minecraft:iron_helmet":2,"minecraft:diamond_axe":5,"minecraft:gray_wool":2,"minecraft:coal":825,"minecraft:hopper":1,"minecraft:ender_pearl":812},"minecraft:killed_by":{"minecraft:pillager":2,"minecraft:piglin":1,"minecraft:player":1,"minecraft:skeleton":1},"minecraft:used":{"minecraft:nether_brick_fence":2,"minecraft:light_gray_stained_glass_pane":16,"minecraft:iron_shovel":147,"minecraft:polished_deepslate":2,"minecraft:chiseled_deepslate":1,"minecraft:dispenser":56,"minecraft:spruce_slab":6639,"minecraft:ladder":18,"minecraft:diamond_hoe":343,"minecraft:chest":47,"minecraft:shield":101,"minecraft:stone":40,"minecraft:iron_sword":33,"minecraft:iron_chestplate":1,"minecraft:soul_sand":1,"minecraft:mutton":6,"minecraft:nether_bricks":17,"minecraft:carrot":421,"minecraft:tuff":67,"minecraft:stripped_spruce_log":4,"minecraft:obsidian":37,"minecraft:glass":23,"minecraft:lava_bucket":26,"minecraft:lantern":6,"minecraft:iron_helmet":1,"minecraft:bow":28,"minecraft:magma_block":454,"minecraft:oak_sapling":1,"minecraft:blue_shulker_box":18,"minecraft:furnace":18,"minecraft:egg":1,"minecraft:diorite":180,"minecraft:end_rod":2,"minecraft:diamond_boots":1,"minecraft:end_stone_bricks":7,"minecraft:spruce_door":1,"minecraft:stone_pickaxe":111,"minecraft:powered_rail":389,"minecraft:oak_planks":27,"minecraft:ender_pearl":20,"minecraft:wooden_pickaxe":25,"minecraft:redstone_block":18,"minecraft:diamond_axe":2761,"minecraft:sugar_cane":26,"minecraft:purpur_pillar":15,"minecraft:white_wool":2,"minecraft:golden_apple":1,"minecraft:purpur_stairs":1,"minecraft:blast_furnace":15,"minecraft:crossbow":1,"minecraft:shears":37,"minecraft:end_stone":27,"minecraft:pumpkin_seeds":18,"minecraft:firework_rocket":196,"minecraft:bread":11,"minecraft:lectern":709,"minecraft:deepslate":382,"minecraft:gravel":34,"minecraft:diamond_sword":1356,"minecraft:andesite":11,"minecraft:bone_meal":744,"minecraft:experience_bottle":382,"minecraft:purpur_block":5,"minecraft:enchanting_table":1,"minecraft:stone_sword":122,"minecraft:flint_and_steel":6,"minecraft:carved_pumpkin":13,"minecraft:stone_shovel":132,"minecraft:spruce_planks":1350,"minecraft:sculk":3,"minecraft:cooked_salmon":1,"minecraft:netherrack":635,"minecraft:oak_door":1,"minecraft:torch":411,"minecraft:dirt":1490,"minecraft:anvil":4,"minecraft:white_carpet":112,"minecraft:hopper":36,"minecraft:spruce_stairs":157,"minecraft:diamond_helmet":1,"minecraft:shulker_box":67,"minecraft:granite":22,"minecraft:spruce_fence":103,"minecraft:bookshelf":27,"minecraft:light_gray_stained_glass":330,"minecraft:iron_block":40,"minecraft:oak_stairs":8,"minecraft:spruce_button":6,"minecraft:iron_boots":3,"minecraft:barrel":2,"minecraft:golden_carrot":199,"minecraft:emerald_block":493,"minecraft:pumpkin":36,"minecraft:cobbled_deepslate":166,"minecraft:observer":58,"minecraft:iron_leggings":2,"minecraft:pointed_dripstone":4,"minecraft:cooked_mutton":55,"minecraft:water_bucket":232,"minecraft:iron_ore":66,"minecraft:cobblestone_stairs":3,"minecraft:spruce_sign":16,"minecraft:cauldron":4,"minecraft:beacon":4,"minecraft:fletching_table":10,"minecraft:spruce_fence_gate":8,"minecraft:polished_deepslate_slab":2130,"minecraft:mossy_cobblestone":1,"minecraft:rail":55,"minecraft:crafting_table":19,"minecraft:red_bed":1,"minecraft:white_bed":7,"minecraft:spruce_log":164,"minecraft:oak_log":10,"minecraft:diamond_pickaxe":45226,"minecraft:apple":1,"minecraft:diamond_shovel":7136,"minecraft:iron_pickaxe":119,"minecraft:spruce_pressure_plate":1,"minecraft:spruce_trapdoor":35,"minecraft:spruce_sapling":1034,"minecraft:stone_axe":223,"minecraft:cobblestone":723,"minecraft:cobbled_deepslate_slab":267,"minecraft:cooked_porkchop":33,"minecraft:bucket":329,"minecraft:yellow_bed":6,"minecraft:kelp":118,"minecraft:gray_wool":1,"minecraft:diamond_leggings":1},"minecraft:crafted":{"minecraft:smooth_stone":39,"minecraft:oak_planks":2116,"minecraft:barrel":2,"minecraft:stone":1,"minecraft:lever":1,"minecraft:diamond_shovel":4,"minecraft:bookshelf":25,"minecraft:cooked_mutton":7,"minecraft:spruce_pressure_plate":1,"minecraft:shulker_box":7,"minecraft:glass":652,"minecraft:hopper":35,"minecraft:diamond_helmet":1,"minecraft:repeater":25,"minecraft:bow":17,"minecraft:diamond_leggings":1,"minecraft:iron_boots":1,"minecraft:beacon":1,"minecraft:chest":49,"minecraft:oak_fence":204,"minecraft:name_tag":1,"minecraft:dropper":4,"minecraft:arrow":256,"minecraft:emerald":3979,"minecraft:cauldron":4,"minecraft:cooked_porkchop":33,"minecraft:diamond_axe":3,"minecraft:crafting_table":7,"minecraft:spruce_planks":52828,"minecraft:wooden_pickaxe":1,"minecraft:iron_helmet":1,"minecraft:spruce_door":3,"minecraft:birch_planks":244,"minecraft:polished_deepslate_slab":1140,"minecraft:spruce_trapdoor":18,"minecraft:lectern":1,"minecraft:emerald_block":136,"minecraft:iron_chestplate":1,"minecraft:paper":192,"minecraft:purple_dye":2,"minecraft:diamond_pickaxe":1,"minecraft:shield":4,"minecraft:stick":101203,"minecraft:iron_ingot":1737,"minecraft:iron_pickaxe":1,"minecraft:iron_block":154,"minecraft:stone_sword":1,"minecraft:shears":1,"minecraft:light_gray_dye":51,"minecraft:redstone_torch":58,"minecraft:spruce_fence_gate":8,"minecraft:light_gray_stained_glass_pane":16,"minecraft:golden_carrot":474,"minecraft:cobbled_deepslate_slab":810,"minecraft:oak_door":3,"minecraft:redstone":128,"minecraft:stone_shovel":1,"minecraft:light_gray_stained_glass":408,"minecraft:experience_bottle":391,"minecraft:spruce_button":130,"minecraft:furnace":19,"minecraft:blast_furnace":14,"minecraft:spruce_fence":81,"minecraft:blue_shulker_box":1,"minecraft:bone_meal":876,"minecraft:white_carpet":642,"minecraft:flint_and_steel":2,"minecraft:lantern":6,"minecraft:spruce_stairs":136,"minecraft:polished_deepslate":636,"minecraft:ladder":36,"minecraft:spruce_slab":5346,"minecraft:stone_pickaxe":1,"minecraft:diamond_boots":1,"minecraft:minecart":9,"minecraft:red_dye":2,"minecraft:crossbow":7,"minecraft:diamond_sword":1,"minecraft:spruce_sign":21,"minecraft:enchanting_table":1,"minecraft:iron_sword":1,"minecraft:red_bed":1,"minecraft:bucket":83,"minecraft:stone_axe":15,"minecraft:enchanted_book":54,"minecraft:air":0,"minecraft:blue_dye":2,"minecraft:white_wool":411,"minecraft:white_dye":15,"minecraft:oak_stairs":8,"minecraft:iron_shovel":1,"minecraft:iron_leggings":1,"minecraft:anvil":3,"minecraft:white_bed":2,"minecraft:torch":12,"minecraft:firework_rocket":576,"minecraft:diamond_chestplate":1},"minecraft:broken":{"minecraft:diamond_pickaxe":1,"minecraft:stone_axe":1,"minecraft:stone_shovel":1,"minecraft:diamond_axe":2},"minecraft:custom":{"minecraft:interact_with_crafting_table":179,"minecraft:open_shulker_box":290,"minecraft:bell_ring":1,"minecraft:leave_game":49,"minecraft:time_since_death":1591926,"minecraft:sprint_one_cm":4911370,"minecraft:damage_blocked_by_shield":5307,"minecraft:drop":612,"minecraft:talked_to_villager":1647,"minecraft:play_time":2129823,"minecraft:deaths":6,"minecraft:jump":27378,"minecraft:walk_on_water_one_cm":156584,"minecraft:enchant_item":5,"minecraft:interact_with_furnace":169,"minecraft:traded_with_villager":4891,"minecraft:interact_with_loom":5,"minecraft:sleep_in_bed":48,"minecraft:open_enderchest":105,"minecraft:damage_dealt":109767,"minecraft:interact_with_beacon":6,"minecraft:player_kills":1,"minecraft:crouch_one_cm":506081,"minecraft:use_cauldron":7,"minecraft:inspect_dispenser":115,"minecraft:horse_one_cm":24292,"minecraft:interact_with_smithing_table":1,"minecraft:mob_kills":1469,"minecraft:interact_with_anvil":46,"minecraft:climb_one_cm":8078,"minecraft:walk_one_cm":4200515,"minecraft:raid_win":1,"minecraft:sneak_time":137395,"minecraft:walk_under_water_one_cm":292872,"minecraft:boat_one_cm":4305,"minecraft:interact_with_blast_furnace":253,"minecraft:total_world_time":2129823,"minecraft:interact_with_stonecutter":1,"minecraft:interact_with_grindstone":4,"minecraft:time_since_rest":8244,"minecraft:damage_taken":17279,"minecraft:damage_absorbed":40,"minecraft:swim_one_cm":482295,"minecraft:fly_one_cm":7729300,"minecraft:open_chest":1345,"minecraft:aviate_one_cm":7199874,"minecraft:fall_one_cm":730591},"minecraft:killed":{"minecraft:cave_spider":1,"minecraft:zombified_piglin":8,"minecraft:witch":4,"minecraft:spider":14,"minecraft:wither":1,"minecraft:shulker":76,"minecraft:skeleton":46,"minecraft:silverfish":1,"minecraft:magma_cube":4,"minecraft:piglin":1,"minecraft:pig":18,"minecraft:zombie_villager":5,"minecraft:iron_golem":3,"minecraft:creeper":21,"minecraft:sheep":30,"minecraft:pillager":32,"minecraft:zombie":74,"minecraft:blaze":5,"minecraft:cow":1,"minecraft:evoker":3,"minecraft:vex":12,"minecraft:vindicator":9,"minecraft:slime":30,"minecraft:phantom":13,"minecraft:horse":1,"minecraft:drowned":10,"minecraft:wandering_trader":1,"minecraft:ravager":3,"minecraft:wither_skeleton":14,"minecraft:enderman":1004},"minecraft:mined":{"minecraft:dragon_wall_head":1,"minecraft:spruce_planks":230,"minecraft:white_bed":8,"minecraft:oak_sapling":2,"minecraft:farmland":16,"minecraft:cobblestone_stairs":26,"minecraft:brewing_stand":1,"minecraft:carved_pumpkin":37,"minecraft:obsidian":20,"minecraft:spruce_trapdoor":13,"minecraft:granite":698,"minecraft:grass_block":3222,"minecraft:soul_soil":13,"minecraft:hopper":1,"minecraft:oxeye_daisy":47,"minecraft:spawner":2,"minecraft:tall_seagrass":1,"minecraft:magma_block":224,"minecraft:glowstone":2,"minecraft:cobbled_deepslate":4,"minecraft:barrel":1,"minecraft:iron_ore":417,"minecraft:fire":4,"minecraft:pumpkin":36,"minecraft:anvil":1,"minecraft:fletching_table":10,"minecraft:deepslate_lapis_ore":10,"minecraft:azure_bluet":9,"minecraft:pointed_dripstone":9,"minecraft:polished_deepslate_slab":43,"minecraft:dirt_path":223,"minecraft:oak_stairs":173,"minecraft:iron_bars":2,"minecraft:end_stone_bricks":16,"minecraft:spruce_slab":229,"minecraft:deepslate_redstone_ore":5,"minecraft:kelp_plant":124,"minecraft:crimson_nylium":1,"minecraft:purpur_stairs":9,"minecraft:torch":28,"minecraft:blast_furnace":1,"minecraft:poppy":3,"minecraft:beacon":4,"minecraft:chest":15,"minecraft:white_stained_glass_pane":10,"minecraft:nether_quartz_ore":5,"minecraft:cobblestone":503,"minecraft:slime_block":1,"minecraft:sugar_cane":181,"minecraft:oak_planks":237,"minecraft:wall_torch":5,"minecraft:deepslate_copper_ore":15,"minecraft:seagrass":1,"minecraft:white_terracotta":31,"minecraft:powered_rail":15,"minecraft:light_gray_stained_glass":34,"minecraft:birch_log":54,"minecraft:purpur_block":29,"minecraft:smooth_stone_slab":15,"minecraft:yellow_stained_glass_pane":10,"minecraft:oak_log":357,"minecraft:sand":3,"minecraft:dirt":2909,"minecraft:blue_shulker_box":18,"minecraft:dispenser":10,"minecraft:raw_copper_block":1,"minecraft:netherrack":2398,"minecraft:oak_leaves":38,"minecraft:emerald_block":493,"minecraft:deepslate":4579,"minecraft:nether_gold_ore":1,"minecraft:diamond_ore":10,"minecraft:tuff":285,"minecraft:light_gray_stained_glass_pane":2,"minecraft:mossy_cobblestone":46,"minecraft:deepslate_diamond_ore":83,"minecraft:oak_door":5,"minecraft:end_stone":162,"minecraft:shulker_box":64,"minecraft:cobbled_deepslate_slab":10,"minecraft:nether_bricks":62,"minecraft:dark_oak_fence":6,"minecraft:spruce_fence":5,"minecraft:crimson_roots":1,"minecraft:spruce_leaves":192,"minecraft:kelp":27,"minecraft:redstone_ore":2,"minecraft:furnace":15,"minecraft:spruce_sapling":59,"minecraft:carrots":319,"minecraft:andesite":1502,"minecraft:stripped_spruce_log":8,"minecraft:chiseled_deepslate":1,"minecraft:nether_brick_fence":2,"minecraft:polished_deepslate":2,"minecraft:bookshelf":13,"minecraft:potatoes":4,"minecraft:deepslate_iron_ore":151,"minecraft:cobblestone_slab":2,"minecraft:rail":9,"minecraft:stripped_oak_log":17,"minecraft:stone":31830,"minecraft:smithing_table":1,"minecraft:podzol":94,"minecraft:redstone_block":1,"minecraft:glass_pane":10,"minecraft:magenta_stained_glass":6,"minecraft:basalt":40,"minecraft:observer":13,"minecraft:oak_fence":7,"minecraft:crafting_table":16,"minecraft:cornflower":1,"minecraft:short_grass":149,"minecraft:emerald_ore":2,"minecraft:lectern":706,"minecraft:copper_ore":113,"minecraft:purpur_pillar":24,"minecraft:tall_grass":7,"minecraft:deepslate_gold_ore":8,"minecraft:lapis_ore":16,"minecraft:diorite":989,"minecraft:spruce_stairs":21,"minecraft:birch_planks":5,"minecraft:gray_wool":1,"minecraft:cobblestone_wall":3,"minecraft:redstone_torch":1,"minecraft:spruce_log":457,"minecraft:yellow_bed":7,"minecraft:coal_ore":367,"minecraft:end_rod":4,"minecraft:gravel":893,"minecraft:cobweb":3,"minecraft:stone_bricks":1,"minecraft:mossy_stone_bricks":1,"minecraft:gold_ore":3}},"DataVersion":3839}