{"stats":{"minecraft:custom":{"minecraft:interact_with_crafting_table":227,"minecraft:bell_ring":1,"minecraft:leave_game":59,"minecraft:time_since_death":2298650,"minecraft:damage_blocked_by_shield":5307,"minecraft:play_time":2836553,"minecraft:deaths":6,"minecraft:jump":35272,"minecraft:enchant_item":5,"minecraft:interact_with_furnace":169,"minecraft:traded_with_villager":5799,"minecraft:sleep_in_bed":55,"minecraft:damage_dealt":125794,"minecraft:use_cauldron":11,"minecraft:inspect_dispenser":115,"minecraft:horse_one_cm":24292,"minecraft:interact_with_smithing_table":8,"minecraft:interact_with_anvil":52,"minecraft:inspect_hopper":2,"minecraft:sneak_time":170566,"minecraft:interact_with_blast_furnace":304,"minecraft:total_world_time":2836553,"minecraft:interact_with_stonecutter":1,"minecraft:time_since_rest":117130,"minecraft:swim_one_cm":522035,"minecraft:fly_one_cm":9294444,"minecraft:open_chest":1761,"minecraft:fall_one_cm":916513,"minecraft:open_shulker_box":553,"minecraft:sprint_one_cm":6466329,"minecraft:drop":967,"minecraft:talked_to_villager":1681,"minecraft:walk_on_water_one_cm":207405,"minecraft:interact_with_loom":6,"minecraft:open_enderchest":227,"minecraft:interact_with_beacon":8,"minecraft:player_kills":1,"minecraft:crouch_one_cm":607238,"minecraft:mob_kills":1848,"minecraft:climb_one_cm":10236,"minecraft:walk_one_cm":5864861,"minecraft:raid_win":1,"minecraft:walk_under_water_one_cm":306293,"minecraft:boat_one_cm":4305,"minecraft:interact_with_grindstone":4,"minecraft:damage_taken":20640,"minecraft:damage_absorbed":40,"minecraft:aviate_one_cm":11801289},"minecraft:dropped":{"minecraft:iron_sword":1,"minecraft:porkchop":6,"minecraft:lapis_lazuli":10,"minecraft:oak_pressure_plate":1,"minecraft:glass_bottle":3,"minecraft:diamond":202,"minecraft:crossbow":2,"minecraft:saddle":1,"minecraft:purpur_stairs":2,"minecraft:elytra":2,"minecraft:rail":66,"minecraft:emerald":65,"minecraft:dirt":515,"minecraft:yellow_dye":2,"minecraft:gold_nugget":4,"minecraft:phantom_membrane":4,"minecraft:sand":11,"minecraft:iron_pickaxe":1,"minecraft:white_wool":1,"minecraft:bone":49,"minecraft:oak_door":10,"minecraft:stone_axe":3,"minecraft:sugar_cane":5,"minecraft:lever":6,"minecraft:cobbled_deepslate":59,"minecraft:birch_sapling":66,"minecraft:obsidian":17,"minecraft:rotten_flesh":114,"minecraft:oak_planks":6,"minecraft:enchanted_golden_apple":1,"minecraft:end_stone":16,"minecraft:azure_bluet":13,"minecraft:salmon":4,"minecraft:coal_ore":22,"minecraft:ladder":3,"minecraft:spruce_slab":14,"minecraft:white_dye":15,"minecraft:end_stone_bricks":7,"minecraft:glass":310,"minecraft:podzol":9,"minecraft:lectern":2,"minecraft:enchanted_book":2,"minecraft:iron_ingot":41,"minecraft:birch_leaves":9,"minecraft:wheat_seeds":69,"minecraft:cobblestone":857,"minecraft:oak_fence":234,"minecraft:iron_helmet":1,"minecraft:apple":44,"minecraft:granite":266,"minecraft:spruce_button":258,"minecraft:purple_dye":2,"minecraft:coal":72,"minecraft:golden_apple":6,"minecraft:end_rod":1,"minecraft:oxeye_daisy":27,"minecraft:gray_wool":1,"minecraft:golden_carrot":31,"minecraft:oak_stairs":270,"minecraft:smooth_stone":5,"minecraft:chainmail_leggings":3,"minecraft:string":33,"minecraft:spruce_sapling":311,"minecraft:soul_soil":1,"minecraft:stone_sword":2,"minecraft:cobblestone_wall":3,"minecraft:deepslate":392,"minecraft:stone_shovel":1,"minecraft:white_carpet":4,"minecraft:iron_boots":1,"minecraft:name_tag":1,"minecraft:cobbled_deepslate_slab":526,"minecraft:white_terracotta":32,"minecraft:nether_bricks":44,"minecraft:spruce_fence":81,"minecraft:pumpkin_seeds":32,"minecraft:blast_furnace":1,"minecraft:cobblestone_slab":4,"minecraft:stone":1994,"minecraft:peony":2,"minecraft:spruce_trapdoor":54,"minecraft:spruce_planks":163,"minecraft:diamond_pickaxe":2,"minecraft:carved_pumpkin":30,"minecraft:stone_bricks":2,"minecraft:spider_eye":10,"minecraft:light_gray_dye":1,"minecraft:bow":8,"minecraft:spruce_sign":6,"minecraft:diamond_axe":2,"minecraft:oak_log":50,"minecraft:ender_pearl":1011,"minecraft:leather":1,"minecraft:cobblestone_stairs":26,"minecraft:flint":65,"minecraft:spruce_leaves":39,"minecraft:cracked_polished_blackstone_bricks":19,"minecraft:dispenser":45,"minecraft:cornflower":2,"minecraft:stripped_oak_wood":1,"minecraft:birch_log":6,"minecraft:gold_ingot":40,"minecraft:gravel":181,"minecraft:purpur_block":3,"minecraft:blackstone":128,"minecraft:pointed_dripstone":10,"minecraft:carrot":2018,"minecraft:poppy":1613,"minecraft:gunpowder":67,"minecraft:glowstone":1,"minecraft:chest":2,"minecraft:chainmail_boots":2,"minecraft:iron_ore":8,"minecraft:basalt":65,"minecraft:iron_bars":2,"minecraft:arrow":24,"minecraft:powered_rail":102,"minecraft:quartz":37,"minecraft:oak_leaves":12,"minecraft:netherrack":3884,"minecraft:firework_rocket":21,"minecraft:stone_hoe":1,"minecraft:bread":11,"minecraft:mossy_cobblestone":51,"minecraft:minecart":12,"minecraft:golden_axe":3,"minecraft:observer":2,"minecraft:copper_ingot":1,"minecraft:spruce_stairs":3,"minecraft:stick":281,"minecraft:iron_block":124,"minecraft:blue_dye":1,"minecraft:diorite":84,"minecraft:torch":30,"minecraft:light_gray_stained_glass":133,"minecraft:green_carpet":2,"minecraft:iron_axe":1,"minecraft:bucket":4,"minecraft:redstone":4,"minecraft:kelp":11,"minecraft:ender_chest":1,"minecraft:raw_copper":3,"minecraft:tuff":192,"minecraft:raw_iron":1170,"minecraft:stripped_oak_log":1,"minecraft:shulker_box":4,"minecraft:glass_pane":11,"minecraft:flint_and_steel":1,"minecraft:copper_ore":14,"minecraft:filled_map":2,"minecraft:shield":2,"minecraft:iron_chestplate":1,"minecraft:andesite":20,"minecraft:mossy_stone_bricks":1,"minecraft:oak_sapling":160,"minecraft:spruce_log":128,"minecraft:stone_pickaxe":1},"minecraft:used":{"minecraft:nether_brick_fence":2,"minecraft:chiseled_deepslate":1,"minecraft:spruce_slab":6883,"minecraft:dispenser":56,"minecraft:ladder":18,"minecraft:chest":64,"minecraft:stone":235,"minecraft:soul_sand":1,"minecraft:stripped_spruce_log":4,"minecraft:packed_ice":128,"minecraft:lava_bucket":88,"minecraft:netherite_shovel":2324,"minecraft:orange_shulker_box":2,"minecraft:bow":109,"minecraft:oak_sapling":2,"minecraft:furnace":18,"minecraft:egg":1,"minecraft:diorite":180,"minecraft:end_stone_bricks":7,"minecraft:spruce_door":1,"minecraft:powered_rail":410,"minecraft:blackstone":4,"minecraft:wooden_pickaxe":25,"minecraft:purpur_pillar":15,"minecraft:golden_apple":1,"minecraft:purpur_stairs":1,"minecraft:sand":8,"minecraft:blast_furnace":15,"minecraft:pumpkin_seeds":18,"minecraft:lectern":709,"minecraft:diamond_sword":1464,"minecraft:smithing_table":2,"minecraft:enchanting_table":1,"minecraft:stone_sword":122,"minecraft:carved_pumpkin":13,"minecraft:cooked_salmon":1,"minecraft:netherrack":1285,"minecraft:torch":421,"minecraft:anvil":5,"minecraft:red_shulker_box":5,"minecraft:iron_block":40,"minecraft:spruce_button":6,"minecraft:barrel":2,"minecraft:basalt":4,"minecraft:podzol":12,"minecraft:cobbled_deepslate":166,"minecraft:observer":58,"minecraft:pointed_dripstone":4,"minecraft:water_bucket":253,"minecraft:birch_planks":87,"minecraft:yellow_shulker_box":1,"minecraft:cauldron":4,"minecraft:fletching_table":10,"minecraft:spruce_fence_gate":8,"minecraft:gold_ore":13,"minecraft:polished_deepslate_slab":2130,"minecraft:mossy_cobblestone":1,"minecraft:rail":230,"minecraft:tnt":278,"minecraft:crafting_table":21,"minecraft:red_bed":1,"minecraft:white_bed":57,"minecraft:spruce_log":169,"minecraft:oak_log":16,"minecraft:diamond_pickaxe":57186,"minecraft:diamond_shovel":13306,"minecraft:iron_pickaxe":119,"minecraft:spruce_pressure_plate":12,"minecraft:spruce_trapdoor":35,"minecraft:spruce_sapling":1034,"minecraft:cobblestone":748,"minecraft:cooked_porkchop":33,"minecraft:glass_pane":3,"minecraft:kelp":118,"minecraft:diamond_leggings":1,"minecraft:iron_shovel":147,"minecraft:polished_deepslate":2,"minecraft:light_gray_stained_glass_pane":16,"minecraft:diamond_hoe":343,"minecraft:shield":101,"minecraft:iron_sword":33,"minecraft:iron_chestplate":1,"minecraft:mutton":6,"minecraft:nether_bricks":17,"minecraft:carrot":421,"minecraft:tuff":67,"minecraft:obsidian":60,"minecraft:glass":640,"minecraft:lantern":6,"minecraft:iron_helmet":1,"minecraft:magma_block":454,"minecraft:blue_shulker_box":23,"minecraft:end_rod":2,"minecraft:diamond_boots":1,"minecraft:stone_pickaxe":111,"minecraft:oak_planks":224,"minecraft:ender_pearl":20,"minecraft:redstone_block":29,"minecraft:diamond_axe":3223,"minecraft:sugar_cane":30,"minecraft:white_wool":2,"minecraft:crossbow":1,"minecraft:dripstone_block":9,"minecraft:end_stone":27,"minecraft:shears":37,"minecraft:redstone_torch":10,"minecraft:lever":1,"minecraft:firework_rocket":407,"minecraft:bread":11,"minecraft:string":3,"minecraft:deepslate":382,"minecraft:gravel":37,"minecraft:andesite":12,"minecraft:chain":23,"minecraft:bone_meal":744,"minecraft:experience_bottle":382,"minecraft:purpur_block":5,"minecraft:netherite_sword":67,"minecraft:flint_and_steel":9,"minecraft:stone_shovel":132,"minecraft:spruce_planks":1418,"minecraft:ender_chest":8,"minecraft:sculk":3,"minecraft:deepslate_gold_ore":4,"minecraft:oak_door":1,"minecraft:dirt":3471,"minecraft:white_carpet":113,"minecraft:hopper":44,"minecraft:spruce_stairs":192,"minecraft:diamond_helmet":1,"minecraft:shulker_box":140,"minecraft:spruce_fence":209,"minecraft:granite":22,"minecraft:light_gray_stained_glass":330,"minecraft:bookshelf":35,"minecraft:oak_stairs":8,"minecraft:iron_boots":3,"minecraft:golden_carrot":286,"minecraft:emerald_block":659,"minecraft:netherite_pickaxe":4470,"minecraft:minecart":74,"minecraft:pumpkin":36,"minecraft:iron_leggings":2,"minecraft:cooked_mutton":55,"minecraft:iron_ore":66,"minecraft:cobblestone_stairs":3,"minecraft:spruce_sign":26,"minecraft:beacon":5,"minecraft:cobblestone_slab":15,"minecraft:apple":1,"minecraft:netherite_axe":706,"minecraft:detector_rail":5,"minecraft:stone_axe":223,"minecraft:cobbled_deepslate_slab":267,"minecraft:bucket":409,"minecraft:yellow_bed":6,"minecraft:gray_wool":1},"minecraft:picked_up":{"minecraft:iron_chestplate":2,"minecraft:chainmail_boots":2,"minecraft:anvil":1,"minecraft:smithing_table":1,"minecraft:diamond_sword":3,"minecraft:oak_stairs":342,"minecraft:brewing_stand":1,"minecraft:golden_sword":1,"minecraft:polished_deepslate":2,"minecraft:string":26404,"minecraft:soul_soil":6,"minecraft:cooked_salmon":12,"minecraft:diamond_leggings":3,"minecraft:gold_nugget":16,"minecraft:cobbled_deepslate":2482,"minecraft:spruce_planks":1339,"minecraft:netherite_upgrade_smithing_template":9,"minecraft:spruce_pressure_plate":11,"minecraft:purpur_pillar":19,"minecraft:golden_axe":3,"minecraft:stone_sword":5,"minecraft:iron_block":24,"minecraft:carved_pumpkin":45,"minecraft:glowstone":1,"minecraft:bookshelf":5,"minecraft:end_rod":3,"minecraft:white_terracotta":59,"minecraft:blaze_rod":15,"minecraft:iron_bars":2,"minecraft:birch_log":190,"minecraft:magma_block":230,"minecraft:feather":1,"minecraft:water_bucket":4,"minecraft:flint":108,"minecraft:diamond_helmet":3,"minecraft:glowstone_dust":8,"minecraft:stripped_spruce_log":8,"minecraft:dispenser":101,"minecraft:deepslate":464,"minecraft:lever":10,"minecraft:granite":416,"minecraft:spruce_button":198,"minecraft:bread":11,"minecraft:dark_oak_fence":4,"minecraft:diamond_pickaxe":4,"minecraft:spruce_leaves":64,"minecraft:crafting_table":16,"minecraft:dragon_head":1,"minecraft:purpur_block":8,"minecraft:cornflower":7,"minecraft:elytra":3,"minecraft:flint_and_steel":4,"minecraft:netherite_scrap":6,"minecraft:white_carpet":2,"minecraft:iron_shovel":1,"minecraft:glass_pane":14,"minecraft:beef":1,"minecraft:poppy":25,"minecraft:minecart":102,"minecraft:spruce_slab":1877,"minecraft:chest":16,"minecraft:birch_sapling":85,"minecraft:egg":1,"minecraft:copper_ore":78,"minecraft:polished_deepslate_slab":48,"minecraft:stone":3725,"minecraft:oak_door":10,"minecraft:spruce_fence":114,"minecraft:carrot":2439,"minecraft:redstone":65,"minecraft:stone_shovel":2,"minecraft:diamond_chestplate":3,"minecraft:peony":2,"minecraft:diamond_boots":3,"minecraft:gold_ingot":1,"minecraft:totem_of_undying":1,"minecraft:mutton":19,"minecraft:bone_block":64,"minecraft:rail":242,"minecraft:white_wool":32,"minecraft:oxeye_daisy":73,"minecraft:stripped_oak_log":46,"minecraft:birch_leaves":8,"minecraft:purpur_stairs":3,"minecraft:oak_log":807,"minecraft:ancient_debris":43,"minecraft:white_banner":2,"minecraft:stone_bricks":2,"minecraft:apple":96,"minecraft:kelp":598,"minecraft:stone_pickaxe":1,"minecraft:iron_ore":72,"minecraft:glass_bottle":3,"minecraft:iron_sword":2,"minecraft:light_gray_stained_glass":61,"minecraft:gravel":615,"minecraft:spruce_sapling":1726,"minecraft:spruce_log":12778,"minecraft:dragon_egg":1,"minecraft:diamond_shovel":3,"minecraft:coal_ore":22,"minecraft:slime_ball":193,"minecraft:stone_axe":6,"minecraft:diamond_axe":5,"minecraft:gray_wool":2,"minecraft:hopper":1,"minecraft:ender_pearl":994,"minecraft:shulker_shell":42,"minecraft:chiseled_deepslate":72,"minecraft:redstone_block":28,"minecraft:ender_chest":8,"minecraft:nether_brick_fence":2,"minecraft:raw_copper":224,"minecraft:smooth_stone_slab":13,"minecraft:iron_leggings":1,"minecraft:smooth_stone":8,"minecraft:bucket":3,"minecraft:red_dye":1,"minecraft:cobblestone_slab":1,"minecraft:iron_pickaxe":2,"minecraft:iron_boots":2,"minecraft:furnace":15,"minecraft:tipped_arrow":1,"minecraft:stick":2910,"minecraft:orange_shulker_box":2,"minecraft:oak_fence":16,"minecraft:torch":956,"minecraft:spruce_stairs":22,"minecraft:porkchop":39,"minecraft:pointed_dripstone":21,"minecraft:diorite":637,"minecraft:rotten_flesh":131,"minecraft:deepslate_copper_ore":1,"minecraft:obsidian":96,"minecraft:cobblestone":5910,"minecraft:magma_cream":2,"minecraft:andesite":222,"minecraft:beacon":5,"minecraft:potato":15,"minecraft:tuff":243,"minecraft:dirt":9708,"minecraft:lapis_lazuli":453,"minecraft:glass":13,"minecraft:bone":114,"minecraft:bow":4,"minecraft:wheat_seeds":109,"minecraft:raw_gold":62,"minecraft:cobbled_deepslate_slab":11,"minecraft:mossy_stone_bricks":1,"minecraft:fletching_table":10,"minecraft:powered_rail":1240,"minecraft:stone_hoe":1,"minecraft:oak_planks":842,"minecraft:cooked_porkchop":17,"minecraft:oak_pressure_plate":2,"minecraft:sand":3539,"minecraft:shulker_box":147,"minecraft:mossy_cobblestone":65,"minecraft:diamond":294,"minecraft:cracked_polished_blackstone_bricks":19,"minecraft:crossbow":3,"minecraft:bone_meal":119,"minecraft:golden_apple":12,"minecraft:emerald":298,"minecraft:oak_sapling":228,"minecraft:netherrack":6376,"minecraft:nether_star":1,"minecraft:oak_leaves":14,"minecraft:end_stone_bricks":20,"minecraft:azure_bluet":21,"minecraft:ladder":10,"minecraft:wooden_pickaxe":2,"minecraft:chain":23,"minecraft:shield":5,"minecraft:iron_axe":1,"minecraft:blackstone":132,"minecraft:detector_rail":6,"minecraft:observer":60,"minecraft:sugar_cane":623,"minecraft:lectern":706,"minecraft:blue_shulker_box":23,"minecraft:spruce_trapdoor":40,"minecraft:phantom_membrane":15,"minecraft:raw_iron":2566,"minecraft:end_stone":158,"minecraft:copper_ingot":1,"minecraft:arrow":93,"minecraft:red_shulker_box":5,"minecraft:nether_bricks":61,"minecraft:saddle":1,"minecraft:basalt":71,"minecraft:golden_carrot":108,"minecraft:salmon":6,"minecraft:leather":2,"minecraft:birch_planks":38,"minecraft:ice":20,"minecraft:chainmail_chestplate":1,"minecraft:gunpowder":33,"minecraft:yellow_bed":10,"minecraft:nether_wart_block":1,"minecraft:cobblestone_wall":3,"minecraft:cobblestone_stairs":29,"minecraft:cooked_mutton":52,"minecraft:podzol":21,"minecraft:iron_ingot":165,"minecraft:stripped_oak_wood":1,"minecraft:book":89,"minecraft:nether_quartz_ore":42,"minecraft:emerald_block":845,"minecraft:pumpkin":36,"minecraft:quartz":45,"minecraft:dandelion":4,"minecraft:dripstone_block":9,"minecraft:blast_furnace":3,"minecraft:white_bed":23,"minecraft:gold_ore":13,"minecraft:green_carpet":2,"minecraft:spider_eye":10,"minecraft:pumpkin_seeds":140,"minecraft:chainmail_leggings":3,"minecraft:iron_helmet":2,"minecraft:terracotta":98,"minecraft:coal":941},"minecraft:broken":{"minecraft:diamond_pickaxe":1,"minecraft:stone_axe":1,"minecraft:stone_shovel":1,"minecraft:diamond_axe":2},"minecraft:killed_by":{"minecraft:pillager":2,"minecraft:piglin":1,"minecraft:player":1,"minecraft:skeleton":1},"minecraft:crafted":{"minecraft:smooth_stone":39,"minecraft:chain":40,"minecraft:lever":1,"minecraft:diamond_shovel":4,"minecraft:bookshelf":28,"minecraft:cooked_mutton":7,"minecraft:shulker_box":13,"minecraft:glass":652,"minecraft:diamond_helmet":1,"minecraft:repeater":25,"minecraft:diamond_leggings":1,"minecraft:netherite_boots":1,"minecraft:beacon":1,"minecraft:name_tag":2,"minecraft:emerald":4966,"minecraft:cooked_porkchop":33,"minecraft:diamond_axe":3,"minecraft:spruce_door":3,"minecraft:polished_deepslate_slab":1140,"minecraft:lectern":1,"minecraft:iron_pickaxe":1,"minecraft:iron_block":154,"minecraft:light_gray_dye":52,"minecraft:netherite_ingot":10,"minecraft:spruce_fence_gate":8,"minecraft:golden_carrot":1224,"minecraft:stone_shovel":1,"minecraft:orange_shulker_box":1,"minecraft:iron_nugget":81,"minecraft:experience_bottle":391,"minecraft:bone_meal":876,"minecraft:blue_shulker_box":1,"minecraft:spruce_fence":399,"minecraft:white_carpet":642,"minecraft:lantern":6,"minecraft:netherite_axe":1,"minecraft:spruce_stairs":184,"minecraft:ladder":36,"minecraft:spruce_slab":5346,"minecraft:red_shulker_box":1,"minecraft:stone_pickaxe":1,"minecraft:diamond_boots":1,"minecraft:crossbow":7,"minecraft:enchanting_table":1,"minecraft:red_bed":1,"minecraft:enchanted_book":54,"minecraft:orange_dye":2,"minecraft:oak_stairs":8,"minecraft:iron_shovel":1,"minecraft:iron_leggings":1,"minecraft:white_bed":2,"minecraft:oak_planks":2284,"minecraft:cobblestone_slab":18,"minecraft:barrel":2,"minecraft:stone":1,"minecraft:spruce_pressure_plate":1,"minecraft:hopper":43,"minecraft:bow":17,"minecraft:iron_boots":1,"minecraft:chest":79,"minecraft:netherite_helmet":1,"minecraft:oak_fence":204,"minecraft:dropper":4,"minecraft:arrow":256,"minecraft:cauldron":4,"minecraft:crafting_table":9,"minecraft:spruce_planks":53520,"minecraft:wooden_pickaxe":1,"minecraft:iron_helmet":1,"minecraft:birch_planks":300,"minecraft:tnt":448,"minecraft:spruce_trapdoor":18,"minecraft:yellow_dye":4,"minecraft:iron_chestplate":1,"minecraft:paper":591,"minecraft:diamond_pickaxe":1,"minecraft:emerald_block":173,"minecraft:purple_dye":2,"minecraft:shield":4,"minecraft:stick":101411,"minecraft:iron_ingot":1905,"minecraft:stone_sword":1,"minecraft:redstone_torch":122,"minecraft:light_gray_stained_glass_pane":16,"minecraft:shears":1,"minecraft:oak_door":3,"minecraft:cobbled_deepslate_slab":810,"minecraft:redstone":128,"minecraft:netherite_sword":1,"minecraft:light_gray_stained_glass":408,"minecraft:spruce_button":130,"minecraft:furnace":19,"minecraft:blast_furnace":14,"minecraft:flint_and_steel":3,"minecraft:netherite_chestplate":2,"minecraft:netherite_leggings":1,"minecraft:yellow_shulker_box":1,"minecraft:polished_deepslate":636,"minecraft:netherite_scrap":34,"minecraft:minecart":9,"minecraft:red_dye":3,"minecraft:diamond_sword":1,"minecraft:spruce_sign":21,"minecraft:iron_sword":1,"minecraft:bucket":85,"minecraft:stone_axe":15,"minecraft:air":0,"minecraft:blue_dye":3,"minecraft:white_wool":411,"minecraft:white_dye":15,"minecraft:anvil":4,"minecraft:torch":12,"minecraft:diamond_chestplate":1,"minecraft:firework_rocket":2118},"minecraft:mined":{"minecraft:dragon_wall_head":1,"minecraft:red_shulker_box":5,"minecraft:white_bed":11,"minecraft:carved_pumpkin":37,"minecraft:obsidian":41,"minecraft:granite":730,"minecraft:hopper":1,"minecraft:oxeye_daisy":48,"minecraft:spawner":3,"minecraft:tall_seagrass":1,"minecraft:magma_block":236,"minecraft:fire":4,"minecraft:cobbled_deepslate":4,"minecraft:barrel":1,"minecraft:pumpkin":36,"minecraft:fletching_table":10,"minecraft:deepslate_lapis_ore":10,"minecraft:polished_deepslate_slab":43,"minecraft:dirt_path":529,"minecraft:oak_stairs":398,"minecraft:tripwire":2,"minecraft:kelp_plant":124,"minecraft:crimson_nylium":1,"minecraft:torch":28,"minecraft:blast_furnace":1,"minecraft:white_stained_glass_pane":10,"minecraft:dead_bush":1,"minecraft:glass":12,"minecraft:sugar_cane":433,"minecraft:birch_sapling":23,"minecraft:white_terracotta":62,"minecraft:chain":3,"minecraft:light_gray_stained_glass":34,"minecraft:blue_shulker_box":23,"minecraft:deepslate":4640,"minecraft:infested_deepslate":1,"minecraft:light_gray_stained_glass_pane":2,"minecraft:mossy_cobblestone":65,"minecraft:shulker_box":137,"minecraft:end_stone":162,"minecraft:nether_bricks":62,"minecraft:dark_oak_fence":6,"minecraft:cobbled_deepslate_slab":10,"minecraft:spruce_fence":5,"minecraft:crimson_roots":1,"minecraft:orange_shulker_box":2,"minecraft:kelp":27,"minecraft:redstone_ore":2,"minecraft:andesite":1508,"minecraft:potatoes":4,"minecraft:cobblestone_slab":2,"minecraft:rail":97,"minecraft:ender_chest":9,"minecraft:smithing_table":1,"minecraft:redstone_block":2,"minecraft:glass_pane":29,"minecraft:soul_sand":30,"minecraft:observer":13,"minecraft:dandelion":6,"minecraft:cornflower":2,"minecraft:short_grass":266,"minecraft:emerald_ore":3,"minecraft:purpur_pillar":24,"minecraft:copper_ore":137,"minecraft:tall_grass":7,"minecraft:deepslate_gold_ore":12,"minecraft:diorite":998,"minecraft:cobblestone_wall":3,"minecraft:spruce_log":571,"minecraft:birch_leaves":7,"minecraft:gravel":1317,"minecraft:cobweb":6,"minecraft:stone_bricks":2,"minecraft:gold_ore":12,"minecraft:spruce_planks":232,"minecraft:oak_sapling":35,"minecraft:farmland":16,"minecraft:cobblestone_stairs":33,"minecraft:brewing_stand":1,"minecraft:spruce_trapdoor":13,"minecraft:grass_block":5578,"minecraft:soul_soil":13,"minecraft:glowstone":3,"minecraft:iron_ore":501,"minecraft:anvil":1,"minecraft:azure_bluet":9,"minecraft:pointed_dripstone":9,"minecraft:iron_bars":2,"minecraft:end_stone_bricks":16,"minecraft:spruce_slab":233,"minecraft:deepslate_redstone_ore":5,"minecraft:blackstone":127,"minecraft:purpur_stairs":9,"minecraft:clay":2,"minecraft:poppy":4,"minecraft:beacon":5,"minecraft:chest":16,"minecraft:nether_quartz_ore":59,"minecraft:cobblestone":656,"minecraft:slime_block":1,"minecraft:oak_planks":713,"minecraft:wall_torch":6,"minecraft:deepslate_copper_ore":15,"minecraft:seagrass":1,"minecraft:powered_rail":73,"minecraft:birch_log":67,"minecraft:stripped_oak_wood":1,"minecraft:purpur_block":29,"minecraft:smooth_stone_slab":15,"minecraft:yellow_stained_glass_pane":10,"minecraft:oak_log":523,"minecraft:sand":3627,"minecraft:dirt":4651,"minecraft:netherrack":12901,"minecraft:ancient_debris":43,"minecraft:raw_copper_block":1,"minecraft:dispenser":10,"minecraft:oak_leaves":52,"minecraft:emerald_block":659,"minecraft:nether_gold_ore":22,"minecraft:tuff":285,"minecraft:diamond_ore":10,"minecraft:deepslate_diamond_ore":93,"minecraft:oak_door":12,"minecraft:lever":5,"minecraft:spruce_leaves":200,"minecraft:furnace":15,"minecraft:spruce_sapling":59,"minecraft:carrots":319,"minecraft:stripped_spruce_log":8,"minecraft:chiseled_deepslate":1,"minecraft:peony":1,"minecraft:nether_brick_fence":2,"minecraft:polished_deepslate":2,"minecraft:bookshelf":18,"minecraft:deepslate_iron_ore":171,"minecraft:stripped_oak_log":46,"minecraft:stone":36274,"minecraft:yellow_shulker_box":1,"minecraft:podzol":115,"minecraft:magenta_stained_glass":6,"minecraft:basalt":183,"minecraft:oak_fence":16,"minecraft:crafting_table":16,"minecraft:lectern":706,"minecraft:lapis_ore":16,"minecraft:spruce_stairs":22,"minecraft:birch_planks":54,"minecraft:gray_wool":1,"minecraft:redstone_torch":1,"minecraft:yellow_bed":7,"minecraft:coal_ore":383,"minecraft:end_rod":4,"minecraft:terracotta":98,"minecraft:mossy_stone_bricks":1},"minecraft:killed":{"minecraft:cave_spider":1,"minecraft:shulker":76,"minecraft:skeleton":62,"minecraft:magma_cube":4,"minecraft:iron_golem":3,"minecraft:pillager":32,"minecraft:zombie":106,"minecraft:cow":1,"minecraft:evoker":3,"minecraft:vindicator":9,"minecraft:horse":1,"minecraft:wandering_trader":1,"minecraft:ravager":3,"minecraft:enderman":1289,"minecraft:zombified_piglin":10,"minecraft:witch":4,"minecraft:spider":24,"minecraft:wither":1,"minecraft:silverfish":1,"minecraft:piglin":1,"minecraft:pig":18,"minecraft:zombie_villager":5,"minecraft:creeper":31,"minecraft:sheep":30,"minecraft:blaze":5,"minecraft:vex":12,"minecraft:armadillo":1,"minecraft:slime":30,"minecraft:phantom":17,"minecraft:drowned":13,"minecraft:wither_skeleton":14}},"DataVersion":3839}